code_module,code_presentation,id_student,gender,region,highest_education,imd_band,age_band,num_of_prev_attempts,studied_credits,disability,final_result,date_registration,date_unregistration,1758_date,1758_score,1759_date,1759_score,1760_date,1760_score,1761_date,1761_score,1762_date,1762_score,clicks_dataplus,clicks_forumng,clicks_glossary,clicks_homepage,clicks_oucollaborate,clicks_oucontent,clicks_resource,clicks_subpage,clicks_url
AAA,2014J,6516,M,Scotland,HE Qualification,80-90%,55<=,0,60,N,Pass,-52.0,NA,17.0,60.0,51.0,48.0,116.0,63.0,164.0,61.0,210.0,77.0,21.0,451.0,0.0,497.0,0.0,1505.0,31.0,143.0,143.0
AAA,2014J,24734,F,South Region,Lower Than A Level,60-70%,0-35,0,60,N,Pass,-18.0,NA,23.0,41.0,64.0,38.0,121.0,52.0,185.0,55.0,215.0,48.0,0.0,158.0,0.0,138.0,1.0,161.0,5.0,27.0,9.0
AAA,2014J,26192,F,East Anglian Region,A Level or Equivalent,60-70%,35-55,0,60,N,Distinction,-38.0,NA,18.0,87.0,53.0,83.0,116.0,85.0,165.0,88.0,213.0,88.0,9.0,119.0,0.0,525.0,0.0,1150.0,8.0,250.0,162.0
AAA,2014J,28061,M,Yorkshire Region,Lower Than A Level,40-50%,35-55,0,60,N,Pass,-130.0,NA,18.0,78.0,60.0,81.0,117.0,71.0,166.0,82.0,215.0,76.0,7.0,315.0,0.0,395.0,5.0,559.0,29.0,170.0,110.0
AAA,2014J,31600,F,South West Region,A Level or Equivalent,40-50%,0-35,0,60,N,Pass,-52.0,NA,24.0,47.0,53.0,52.0,121.0,57.0,171.0,64.0,214.0,54.0,0.0,226.0,0.0,67.0,0.0,104.0,3.0,27.0,2.0
AAA,2014J,46844,M,North Region,HE Qualification,30-40%,35-55,0,60,N,Pass,-74.0,NA,19.0,56.0,54.0,63.0,117.0,68.0,166.0,64.0,214.0,73.0,0.0,96.0,0.0,92.0,1.0,82.0,30.0,37.0,2.0
AAA,2014J,52765,F,Yorkshire Region,Lower Than A Level,0-10%,35-55,0,120,N,Pass,-22.0,NA,19.0,67.0,54.0,70.0,117.0,61.0,172.0,65.0,215.0,52.0,4.0,2030.0,0.0,959.0,1.0,1596.0,28.0,210.0,110.0
AAA,2014J,55104,F,West Midlands Region,A Level or Equivalent,60-70%,0-35,0,60,N,Pass,-87.0,NA,16.0,75.0,56.0,64.0,117.0,70.0,167.0,68.0,214.0,78.0,0.0,352.0,0.0,287.0,0.0,631.0,12.0,135.0,63.0
AAA,2014J,58071,M,East Anglian Region,HE Qualification,90-100%,55<=,0,60,N,Pass,-72.0,NA,19.0,87.0,59.0,80.0,122.0,61.0,172.0,76.0,222.0,76.0,22.0,759.0,1.0,855.0,4.0,1778.0,98.0,121.0,10.0
AAA,2014J,58316,F,Wales,A Level or Equivalent,70-80%,0-35,0,120,N,Pass,-80.0,NA,18.0,78.0,69.0,77.0,116.0,64.0,166.0,75.0,215.0,73.0,0.0,45.0,0.0,367.0,1.0,675.0,20.0,145.0,42.0
AAA,2014J,62487,F,East Midlands Region,A Level or Equivalent,10-20,0-35,0,60,N,Pass,-50.0,NA,19.0,78.0,61.0,76.0,117.0,74.0,180.0,62.0,215.0,68.0,7.0,42.0,1.0,161.0,0.0,370.0,7.0,79.0,16.0
AAA,2014J,63165,M,South East Region,A Level or Equivalent,80-90%,35-55,0,60,N,Pass,-82.0,NA,18.0,50.0,53.0,47.0,137.0,51.0,172.0,52.0,221.0,57.0,0.0,177.0,0.0,182.0,0.0,463.0,14.0,60.0,16.0
AAA,2014J,65002,F,East Anglian Region,A Level or Equivalent,70-80%,0-35,1,60,N,Fail,-144.0,NA,-1.0,66.0,-1.0,68.0,NA,NA,NA,NA,NA,NA,0.0,0.0,0.0,5.0,0.0,0.0,0.0,0.0,0.0
AAA,2014J,70011,F,Scotland,HE Qualification,40-50%,0-35,0,60,N,Pass,-78.0,NA,19.0,74.0,54.0,76.0,117.0,78.0,166.0,88.0,214.0,85.0,18.0,2401.0,0.0,1453.0,0.0,2091.0,36.0,243.0,154.0
AAA,2014J,75255,M,North Western Region,A Level or Equivalent,40-50%,0-35,0,120,N,Pass,-58.0,NA,19.0,76.0,56.0,77.0,117.0,80.0,177.0,88.0,214.0,88.0,0.0,91.0,0.0,182.0,0.0,583.0,17.0,61.0,16.0
AAA,2014J,79403,M,South Region,Lower Than A Level,80-90%,35-55,0,60,N,Withdrawn,-23.0,164.0,22.0,72.0,53.0,60.0,128.0,50.0,NA,NA,NA,NA,14.0,54.0,0.0,220.0,0.0,1404.0,4.0,60.0,26.0
AAA,2014J,85092,F,South West Region,Lower Than A Level,30-40%,0-35,0,60,N,Pass,-52.0,NA,22.0,58.0,NA,NA,116.0,68.0,166.0,48.0,214.0,58.0,0.0,181.0,0.0,121.0,0.0,262.0,9.0,66.0,26.0
AAA,2014J,85144,M,Scotland,A Level or Equivalent,50-60%,35-55,0,60,N,Pass,-41.0,NA,18.0,68.0,54.0,85.0,117.0,77.0,166.0,78.0,215.0,80.0,0.0,202.0,1.0,190.0,0.0,185.0,11.0,48.0,19.0
AAA,2014J,85302,M,London Region,Lower Than A Level,80-90%,35-55,0,60,N,Pass,-72.0,NA,18.0,76.0,56.0,67.0,116.0,70.0,165.0,69.0,218.0,74.0,21.0,186.0,1.0,649.0,0.0,1058.0,35.0,220.0,110.0
AAA,2014J,87431,M,South East Region,Lower Than A Level,10-20,35-55,0,60,N,Withdrawn,-106.0,235.0,40.0,50.0,75.0,58.0,138.0,42.0,NA,NA,NA,NA,1.0,170.0,0.0,161.0,0.0,362.0,2.0,78.0,28.0
AAA,2014J,94961,M,South Region,Lower Than A Level,70-80%,35-55,1,60,N,Pass,-150.0,NA,-1.0,74.0,51.0,67.0,122.0,57.0,166.0,65.0,211.0,55.0,0.0,131.0,0.0,228.0,0.0,373.0,18.0,116.0,35.0
AAA,2014J,95755,M,South East Region,Lower Than A Level,90-100%,0-35,0,60,N,Withdrawn,-80.0,241.0,23.0,58.0,69.0,32.0,NA,NA,NA,NA,NA,NA,0.0,37.0,0.0,107.0,0.0,205.0,4.0,26.0,2.0
AAA,2014J,101116,F,East Anglian Region,Lower Than A Level,60-70%,35-55,0,60,N,Pass,-80.0,NA,19.0,83.0,54.0,75.0,117.0,79.0,169.0,90.0,215.0,86.0,5.0,705.0,2.0,382.0,0.0,495.0,47.0,103.0,30.0
AAA,2014J,107489,F,London Region,HE Qualification,20-30%,0-35,0,60,N,Pass,-81.0,NA,18.0,89.0,53.0,88.0,125.0,79.0,173.0,80.0,215.0,74.0,14.0,1185.0,0.0,883.0,2.0,1235.0,19.0,256.0,128.0
AAA,2014J,108872,M,London Region,HE Qualification,80-90%,55<=,0,60,N,Pass,-80.0,NA,19.0,62.0,53.0,57.0,117.0,70.0,165.0,67.0,214.0,53.0,0.0,333.0,0.0,313.0,0.0,626.0,25.0,73.0,7.0
AAA,2014J,109155,F,South Region,HE Qualification,90-100%,0-35,0,60,N,Pass,-80.0,NA,19.0,69.0,54.0,68.0,116.0,72.0,165.0,67.0,213.0,63.0,7.0,1084.0,0.0,506.0,0.0,1254.0,15.0,97.0,56.0
AAA,2014J,111512,M,Wales,A Level or Equivalent,40-50%,0-35,0,60,N,Fail,-16.0,NA,NA,NA,NA,NA,NA,NA,NA,NA,NA,NA,1.0,76.0,1.0,119.0,1.0,164.0,29.0,46.0,2.0
AAA,2014J,117818,F,London Region,A Level or Equivalent,40-50%,35-55,0,60,N,Pass,-92.0,NA,22.0,65.0,53.0,61.0,120.0,49.0,166.0,59.0,215.0,54.0,2.0,22.0,4.0,318.0,0.0,1066.0,68.0,148.0,67.0
AAA,2014J,119902,F,South West Region,A Level or Equivalent,60-70%,35-55,0,60,N,Withdrawn,-31.0,207.0,19.0,75.0,57.0,67.0,117.0,61.0,180.0,65.0,NA,NA,7.0,524.0,2.0,558.0,3.0,1208.0,15.0,179.0,94.0
AAA,2014J,121349,F,South West Region,A Level or Equivalent,40-50%,35-55,1,60,N,Pass,-28.0,NA,19.0,73.0,54.0,65.0,116.0,88.0,165.0,68.0,214.0,86.0,13.0,41.0,0.0,261.0,0.0,1744.0,26.0,114.0,60.0
AAA,2014J,124064,F,South East Region,A Level or Equivalent,60-70%,0-35,0,120,N,Distinction,-44.0,NA,19.0,86.0,54.0,83.0,120.0,90.0,167.0,87.0,215.0,90.0,0.0,430.0,0.0,573.0,3.0,732.0,32.0,193.0,79.0
AAA,2014J,125018,M,South Region,HE Qualification,70-80%,35-55,0,60,N,Pass,-36.0,NA,18.0,67.0,53.0,66.0,116.0,67.0,165.0,62.0,214.0,62.0,8.0,704.0,0.0,375.0,2.0,978.0,8.0,87.0,33.0
AAA,2014J,129955,M,West Midlands Region,A Level or Equivalent,50-60%,0-35,1,60,N,Withdrawn,-143.0,143.0,-1.0,85.0,-1.0,82.0,-1.0,76.0,NA,NA,NA,NA,21.0,3.0,0.0,161.0,0.0,680.0,1.0,11.0,0.0
AAA,2014J,130034,F,East Anglian Region,A Level or Equivalent,60-70%,35-55,0,60,N,Pass,-82.0,NA,18.0,78.0,52.0,87.0,116.0,79.0,165.0,78.0,213.0,70.0,3.0,199.0,0.0,536.0,0.0,702.0,44.0,220.0,127.0
AAA,2014J,130547,F,South Region,A Level or Equivalent,70-80%,35-55,0,60,N,Pass,-25.0,NA,19.0,63.0,58.0,52.0,120.0,47.0,172.0,71.0,216.0,59.0,14.0,110.0,1.0,162.0,0.0,832.0,15.0,88.0,30.0
AAA,2014J,130636,M,South East Region,A Level or Equivalent,10-20,0-35,0,60,N,Pass,-68.0,NA,16.0,57.0,54.0,60.0,117.0,64.0,166.0,65.0,215.0,54.0,0.0,30.0,0.0,49.0,0.0,189.0,15.0,43.0,6.0
AAA,2014J,131390,M,East Anglian Region,A Level or Equivalent,90-100%,35-55,0,60,N,Pass,-115.0,NA,18.0,81.0,54.0,73.0,117.0,77.0,166.0,80.0,215.0,82.0,0.0,34.0,0.0,36.0,0.0,73.0,7.0,7.0,0.0
AAA,2014J,133816,F,South Region,A Level or Equivalent,70-80%,35-55,0,60,N,Pass,-15.0,NA,18.0,64.0,53.0,58.0,116.0,70.0,166.0,65.0,215.0,70.0,3.0,1570.0,0.0,780.0,1.0,1381.0,9.0,162.0,94.0
AAA,2014J,133922,M,North Region,Lower Than A Level,0-10%,0-35,0,60,N,Pass,-110.0,NA,24.0,78.0,61.0,85.0,132.0,80.0,173.0,73.0,218.0,75.0,0.0,56.0,0.0,144.0,0.0,290.0,11.0,55.0,18.0
AAA,2014J,135335,F,East Anglian Region,Lower Than A Level,20-30%,0-35,1,120,N,Withdrawn,-82.0,24.0,NA,NA,NA,NA,NA,NA,NA,NA,NA,NA,0.0,0.0,0.0,8.0,0.0,7.0,0.0,1.0,0.0
AAA,2014J,135400,F,South East Region,Lower Than A Level,90-100%,35-55,1,60,Y,Pass,-51.0,NA,18.0,57.0,62.0,47.0,120.0,56.0,180.0,46.0,227.0,43.0,0.0,4.0,0.0,45.0,0.0,227.0,2.0,29.0,16.0
AAA,2014J,135471,M,East Anglian Region,Lower Than A Level,90-100%,35-55,0,60,N,Distinction,-149.0,NA,15.0,86.0,51.0,78.0,112.0,83.0,162.0,85.0,210.0,88.0,9.0,122.0,1.0,435.0,0.0,1525.0,26.0,112.0,61.0
AAA,2014J,139033,M,South East Region,A Level or Equivalent,90-100%,35-55,0,60,N,Fail,-46.0,NA,19.0,55.0,53.0,59.0,117.0,63.0,166.0,66.0,215.0,62.0,0.0,105.0,0.0,203.0,2.0,413.0,8.0,53.0,6.0
AAA,2014J,141377,M,South West Region,A Level or Equivalent,90-100%,0-35,1,210,N,Pass,-127.0,NA,19.0,65.0,52.0,52.0,125.0,39.0,176.0,53.0,215.0,39.0,0.0,160.0,0.0,111.0,0.0,272.0,13.0,54.0,3.0
AAA,2014J,141506,M,Scotland,A Level or Equivalent,20-30%,35-55,0,60,N,Fail,-28.0,NA,19.0,75.0,NA,NA,NA,NA,NA,NA,NA,NA,0.0,153.0,12.0,97.0,0.0,99.0,8.0,39.0,7.0
AAA,2014J,146503,M,East Anglian Region,Lower Than A Level,30-40%,35-55,0,120,Y,Pass,-30.0,NA,18.0,67.0,53.0,64.0,116.0,68.0,165.0,66.0,215.0,52.0,0.0,43.0,1.0,108.0,0.0,128.0,13.0,70.0,5.0
AAA,2014J,147756,M,North Region,Lower Than A Level,60-70%,0-35,1,120,N,Pass,-41.0,NA,26.0,69.0,61.0,32.0,138.0,82.0,178.0,72.0,219.0,68.0,1.0,123.0,48.0,188.0,0.0,662.0,24.0,61.0,0.0
AAA,2014J,148993,F,North Western Region,A Level or Equivalent,30-40%,35-55,1,60,Y,Pass,-154.0,NA,21.0,86.0,59.0,85.0,124.0,90.0,166.0,73.0,215.0,86.0,0.0,1133.0,0.0,475.0,0.0,269.0,17.0,42.0,12.0
AAA,2014J,149741,F,Scotland,A Level or Equivalent,20-30%,35-55,0,60,N,Pass,-74.0,NA,15.0,70.0,53.0,62.0,112.0,58.0,163.0,64.0,211.0,78.0,14.0,564.0,6.0,398.0,5.0,1132.0,27.0,128.0,68.0
AAA,2014J,149962,M,West Midlands Region,A Level or Equivalent,60-70%,0-35,0,60,N,Pass,-92.0,NA,19.0,67.0,54.0,64.0,116.0,73.0,166.0,66.0,221.0,72.0,0.0,54.0,0.0,21.0,0.0,54.0,1.0,10.0,1.0
AAA,2014J,151587,F,Wales,A Level or Equivalent,0-10%,0-35,0,120,N,Withdrawn,-129.0,234.0,19.0,73.0,69.0,56.0,139.0,72.0,NA,NA,NA,NA,0.0,12.0,0.0,64.0,1.0,71.0,4.0,14.0,0.0
AAA,2014J,152668,F,South Region,Lower Than A Level,90-100%,0-35,0,60,N,Withdrawn,-72.0,104.0,19.0,71.0,NA,NA,NA,NA,NA,NA,NA,NA,0.0,97.0,0.0,164.0,0.0,396.0,7.0,63.0,38.0
AAA,2014J,155984,F,East Anglian Region,Lower Than A Level,70-80%,0-35,1,120,N,Pass,-156.0,NA,20.0,67.0,55.0,76.0,117.0,78.0,178.0,83.0,215.0,83.0,9.0,230.0,0.0,428.0,0.0,862.0,8.0,121.0,79.0
AAA,2014J,158707,F,South East Region,A Level or Equivalent,80-90%,0-35,0,60,N,Withdrawn,-57.0,172.0,18.0,75.0,53.0,70.0,117.0,77.0,NA,NA,NA,NA,3.0,2183.0,3.0,990.0,0.0,1258.0,16.0,198.0,95.0
AAA,2014J,159954,M,East Midlands Region,A Level or Equivalent,40-50%,35-55,1,60,N,Withdrawn,-24.0,201.0,-1.0,65.0,-1.0,68.0,129.0,75.0,NA,NA,NA,NA,0.0,74.0,1.0,196.0,0.0,506.0,32.0,60.0,8.0
AAA,2014J,164944,F,East Anglian Region,A Level or Equivalent,40-50%,0-35,0,60,Y,Pass,-148.0,NA,17.0,59.0,53.0,65.0,114.0,64.0,172.0,62.0,216.0,62.0,0.0,690.0,1.0,277.0,0.0,204.0,13.0,86.0,29.0
AAA,2014J,165226,F,Wales,A Level or Equivalent,30-40%,0-35,0,60,N,Fail,-22.0,NA,19.0,77.0,NA,NA,NA,NA,NA,NA,NA,NA,0.0,142.0,0.0,199.0,2.0,607.0,11.0,75.0,26.0
AAA,2014J,167961,M,South West Region,HE Qualification,70-80%,55<=,0,60,N,Pass,-44.0,NA,19.0,87.0,54.0,71.0,117.0,50.0,166.0,82.0,215.0,90.0,3.0,243.0,5.0,432.0,9.0,1194.0,15.0,127.0,101.0
AAA,2014J,174024,M,North Region,A Level or Equivalent,10-20,35-55,0,60,N,Pass,-85.0,NA,18.0,55.0,53.0,62.0,115.0,53.0,163.0,68.0,212.0,64.0,3.0,2.0,0.0,110.0,0.0,647.0,8.0,35.0,7.0
AAA,2014J,174094,F,South East Region,Lower Than A Level,30-40%,35-55,0,60,Y,Pass,-89.0,NA,19.0,72.0,53.0,76.0,123.0,74.0,175.0,77.0,214.0,78.0,1.0,85.0,0.0,971.0,1.0,3352.0,28.0,210.0,193.0
AAA,2014J,174745,F,East Midlands Region,A Level or Equivalent,70-80%,35-55,0,60,N,Pass,-30.0,NA,18.0,56.0,51.0,68.0,116.0,66.0,165.0,68.0,214.0,67.0,0.0,238.0,1.0,199.0,0.0,1077.0,11.0,80.0,4.0
AAA,2014J,175447,M,London Region,A Level or Equivalent,50-60%,35-55,0,60,N,Pass,-115.0,NA,18.0,65.0,52.0,74.0,119.0,69.0,165.0,71.0,214.0,69.0,1.0,1411.0,1.0,616.0,0.0,1590.0,16.0,105.0,39.0
AAA,2014J,175772,F,East Anglian Region,HE Qualification,90-100%,35-55,0,270,N,Withdrawn,-45.0,67.0,22.0,85.0,NA,NA,NA,NA,NA,NA,NA,NA,0.0,1461.0,1.0,602.0,0.0,833.0,12.0,87.0,22.0
AAA,2014J,183057,M,Wales,Lower Than A Level,90-100%,0-35,0,60,N,Pass,-23.0,NA,30.0,62.0,75.0,72.0,144.0,60.0,194.0,64.0,237.0,70.0,1.0,195.0,1.0,284.0,0.0,249.0,24.0,69.0,10.0
AAA,2014J,185350,M,Yorkshire Region,Lower Than A Level,10-20,35-55,0,60,N,Fail,-22.0,NA,18.0,75.0,68.0,52.0,116.0,60.0,187.0,57.0,237.0,54.0,0.0,27.0,0.0,51.0,0.0,121.0,4.0,33.0,0.0
AAA,2014J,188278,M,Yorkshire Region,A Level or Equivalent,70-80%,35-55,1,60,N,Pass,-64.0,NA,19.0,79.0,54.0,73.0,121.0,63.0,166.0,72.0,216.0,67.0,7.0,607.0,0.0,768.0,2.0,1262.0,11.0,247.0,159.0
AAA,2014J,199636,M,East Anglian Region,A Level or Equivalent,30-40%,35-55,0,60,N,Pass,-30.0,NA,19.0,88.0,53.0,66.0,116.0,77.0,169.0,80.0,214.0,68.0,2.0,123.0,0.0,350.0,0.0,1159.0,38.0,111.0,53.0
AAA,2014J,199897,M,East Midlands Region,HE Qualification,10-20,35-55,0,60,N,Pass,3.0,NA,25.0,77.0,66.0,83.0,124.0,83.0,178.0,25.0,215.0,79.0,1.0,166.0,0.0,442.0,2.0,1262.0,33.0,153.0,76.0
AAA,2014J,200804,M,South Region,A Level or Equivalent,90-100%,0-35,0,60,N,Pass,-80.0,NA,19.0,64.0,54.0,78.0,121.0,68.0,172.0,75.0,215.0,45.0,0.0,163.0,0.0,103.0,2.0,601.0,14.0,40.0,7.0
AAA,2014J,205494,M,South West Region,HE Qualification,30-40%,35-55,0,60,N,Pass,-45.0,NA,15.0,82.0,45.0,58.0,108.0,66.0,155.0,68.0,210.0,58.0,0.0,64.0,0.0,156.0,0.0,804.0,6.0,53.0,31.0
AAA,2014J,228021,M,Scotland,A Level or Equivalent,40-50%,35-55,0,60,N,Distinction,-68.0,NA,19.0,88.0,54.0,85.0,117.0,77.0,166.0,85.0,215.0,80.0,24.0,860.0,0.0,1065.0,2.0,1829.0,39.0,171.0,38.0
AAA,2014J,228383,M,Yorkshire Region,HE Qualification,50-60%,0-35,0,60,N,Pass,-21.0,NA,18.0,76.0,61.0,70.0,125.0,63.0,173.0,73.0,215.0,71.0,8.0,44.0,0.0,419.0,1.0,1642.0,20.0,176.0,76.0
AAA,2014J,232307,M,South Region,Lower Than A Level,50-60%,35-55,0,60,N,Pass,-107.0,NA,18.0,78.0,53.0,60.0,116.0,60.0,172.0,68.0,214.0,65.0,7.0,103.0,1.0,129.0,0.0,381.0,19.0,57.0,5.0
AAA,2014J,235068,F,East Midlands Region,Lower Than A Level,30-40%,35-55,0,60,N,Pass,-156.0,NA,17.0,58.0,54.0,57.0,115.0,63.0,164.0,62.0,213.0,58.0,9.0,260.0,0.0,757.0,1.0,1438.0,9.0,196.0,141.0
AAA,2014J,235507,M,Yorkshire Region,A Level or Equivalent,90-100%,0-35,1,180,N,Pass,-135.0,NA,25.0,62.0,54.0,30.0,116.0,69.0,173.0,60.0,214.0,61.0,11.0,181.0,1.0,282.0,1.0,470.0,33.0,78.0,10.0
AAA,2014J,236875,M,West Midlands Region,A Level or Equivalent,40-50%,0-35,0,60,N,Pass,-20.0,NA,29.0,42.0,61.0,45.0,117.0,50.0,173.0,50.0,216.0,45.0,0.0,6.0,0.0,42.0,0.0,119.0,2.0,32.0,0.0
AAA,2014J,237274,M,Yorkshire Region,A Level or Equivalent,10-20,0-35,0,60,N,Pass,-155.0,NA,18.0,70.0,52.0,71.0,116.0,73.0,164.0,80.0,213.0,68.0,13.0,500.0,0.0,401.0,4.0,965.0,34.0,101.0,7.0
AAA,2014J,243510,F,South West Region,Lower Than A Level,60-70%,0-35,0,60,N,Fail,-16.0,NA,19.0,46.0,53.0,37.0,119.0,62.0,173.0,38.0,215.0,35.0,0.0,137.0,0.0,140.0,0.0,212.0,6.0,41.0,13.0
AAA,2014J,244246,F,South East Region,A Level or Equivalent,60-70%,0-35,0,60,N,Pass,-137.0,NA,17.0,65.0,53.0,52.0,116.0,70.0,180.0,78.0,215.0,71.0,0.0,114.0,0.0,304.0,3.0,779.0,14.0,95.0,56.0
AAA,2014J,248581,F,West Midlands Region,A Level or Equivalent,40-50%,0-35,0,60,N,Distinction,-61.0,NA,19.0,90.0,53.0,80.0,117.0,78.0,166.0,87.0,214.0,90.0,3.0,272.0,0.0,570.0,1.0,1913.0,36.0,78.0,10.0
AAA,2014J,252073,F,Yorkshire Region,A Level or Equivalent,30-40%,35-55,0,120,N,Pass,-5.0,NA,19.0,55.0,54.0,50.0,125.0,52.0,187.0,53.0,215.0,35.0,3.0,31.0,0.0,170.0,0.0,455.0,25.0,139.0,42.0
AAA,2014J,254625,M,Wales,A Level or Equivalent,20-30%,35-55,0,60,N,Distinction,-50.0,NA,19.0,86.0,59.0,83.0,117.0,78.0,178.0,85.0,214.0,82.0,7.0,249.0,0.0,338.0,0.0,1170.0,12.0,122.0,89.0
AAA,2014J,258587,M,South West Region,A Level or Equivalent,10-20,35-55,0,60,N,Distinction,-109.0,NA,18.0,74.0,52.0,87.0,109.0,80.0,160.0,83.0,208.0,79.0,21.0,542.0,0.0,1315.0,0.0,3976.0,32.0,443.0,280.0
AAA,2014J,260355,F,London Region,A Level or Equivalent,80-90%,35-55,1,120,N,Withdrawn,-156.0,-87.0,NA,NA,NA,NA,NA,NA,NA,NA,NA,NA,NA,NA,NA,NA,NA,NA,NA,NA,NA
AAA,2014J,260623,M,South East Region,Lower Than A Level,40-50%,0-35,0,60,N,Pass,-28.0,NA,19.0,69.0,54.0,72.0,127.0,74.0,166.0,74.0,218.0,62.0,0.0,257.0,0.0,295.0,0.0,504.0,4.0,75.0,43.0
AAA,2014J,263251,M,East Anglian Region,A Level or Equivalent,40-50%,35-55,0,60,N,Pass,-73.0,NA,18.0,68.0,54.0,85.0,117.0,78.0,165.0,71.0,215.0,68.0,6.0,983.0,1.0,344.0,0.0,991.0,31.0,87.0,42.0
AAA,2014J,263543,M,East Anglian Region,Lower Than A Level,90-100%,35-55,0,60,N,Pass,-56.0,NA,17.0,81.0,53.0,87.0,117.0,77.0,166.0,80.0,214.0,73.0,2.0,113.0,0.0,372.0,0.0,785.0,19.0,166.0,137.0
AAA,2014J,263952,M,North Region,Lower Than A Level,NA,35-55,0,60,N,Distinction,-38.0,NA,18.0,82.0,58.0,90.0,132.0,88.0,166.0,91.0,215.0,93.0,0.0,307.0,1.0,327.0,1.0,705.0,24.0,58.0,21.0
AAA,2014J,266524,F,South Region,A Level or Equivalent,30-40%,0-35,0,240,N,Pass,-134.0,NA,19.0,46.0,69.0,50.0,121.0,57.0,166.0,59.0,215.0,57.0,0.0,75.0,0.0,104.0,0.0,114.0,28.0,38.0,0.0
AAA,2014J,268733,M,East Anglian Region,A Level or Equivalent,30-40%,0-35,1,120,N,Fail,-10.0,NA,NA,NA,NA,NA,NA,NA,NA,NA,NA,NA,0.0,0.0,0.0,3.0,0.0,0.0,0.0,0.0,0.0
AAA,2014J,273346,M,East Midlands Region,Lower Than A Level,70-80%,35-55,0,60,N,Pass,-155.0,NA,18.0,81.0,53.0,78.0,115.0,82.0,165.0,84.0,213.0,84.0,17.0,242.0,0.0,615.0,0.0,936.0,20.0,151.0,99.0
AAA,2014J,274947,M,East Anglian Region,Lower Than A Level,40-50%,0-35,0,120,N,Withdrawn,-43.0,229.0,29.0,82.0,54.0,46.0,129.0,54.0,166.0,47.0,215.0,41.0,0.0,57.0,0.0,70.0,0.0,88.0,5.0,31.0,0.0
AAA,2014J,275674,F,London Region,A Level or Equivalent,20-30%,0-35,0,60,N,Withdrawn,-155.0,132.0,18.0,50.0,54.0,40.0,116.0,45.0,NA,NA,NA,NA,6.0,271.0,1.0,493.0,0.0,1032.0,11.0,161.0,115.0
AAA,2014J,275792,F,East Anglian Region,HE Qualification,50-60%,0-35,0,60,N,Pass,-37.0,NA,19.0,69.0,51.0,74.0,126.0,74.0,164.0,73.0,214.0,75.0,0.0,50.0,0.0,155.0,2.0,312.0,19.0,63.0,4.0
AAA,2014J,277123,F,East Midlands Region,A Level or Equivalent,70-80%,35-55,0,60,N,Fail,-20.0,NA,19.0,58.0,53.0,47.0,117.0,35.0,166.0,50.0,215.0,40.0,0.0,34.0,0.0,120.0,0.0,282.0,5.0,64.0,32.0
AAA,2014J,277880,F,South East Region,A Level or Equivalent,60-70%,0-35,1,120,N,Withdrawn,-11.0,158.0,-1.0,70.0,-1.0,65.0,-1.0,68.0,NA,NA,NA,NA,0.0,0.0,0.0,10.0,0.0,1.0,0.0,1.0,0.0
AAA,2014J,281077,F,East Anglian Region,HE Qualification,50-60%,0-35,0,60,N,Pass,-103.0,NA,18.0,74.0,67.0,72.0,114.0,77.0,175.0,63.0,215.0,76.0,0.0,138.0,0.0,253.0,0.0,277.0,60.0,124.0,43.0
AAA,2014J,281636,F,West Midlands Region,A Level or Equivalent,20-30%,0-35,0,60,N,Pass,-73.0,NA,18.0,87.0,53.0,74.0,117.0,88.0,166.0,78.0,215.0,88.0,1.0,360.0,0.0,520.0,0.0,1385.0,67.0,234.0,115.0
AAA,2014J,285315,M,East Anglian Region,HE Qualification,70-80%,0-35,0,60,N,Pass,-36.0,NA,19.0,86.0,54.0,87.0,117.0,86.0,166.0,85.0,215.0,87.0,0.0,106.0,3.0,219.0,0.0,628.0,22.0,132.0,47.0
AAA,2014J,287040,F,East Anglian Region,A Level or Equivalent,40-50%,35-55,0,90,N,Pass,-155.0,NA,18.0,70.0,51.0,76.0,115.0,68.0,178.0,77.0,214.0,73.0,6.0,435.0,0.0,390.0,0.0,1183.0,56.0,144.0,53.0
AAA,2014J,287204,M,Scotland,A Level or Equivalent,0-10%,0-35,0,60,N,Pass,-79.0,NA,19.0,72.0,54.0,65.0,124.0,71.0,166.0,80.0,215.0,80.0,0.0,399.0,0.0,319.0,0.0,954.0,53.0,112.0,8.0
AAA,2014J,287210,M,Scotland,A Level or Equivalent,70-80%,35-55,0,60,N,Pass,-156.0,NA,14.0,73.0,38.0,78.0,79.0,78.0,157.0,70.0,184.0,68.0,16.0,68.0,0.0,752.0,0.0,2072.0,15.0,236.0,116.0
AAA,2014J,288994,M,Scotland,A Level or Equivalent,30-40%,0-35,0,120,N,Fail,-10.0,NA,NA,NA,NA,NA,NA,NA,NA,NA,NA,NA,0.0,21.0,0.0,13.0,0.0,97.0,1.0,2.0,0.0
AAA,2014J,289449,M,East Midlands Region,HE Qualification,90-100%,35-55,0,60,N,Pass,-122.0,NA,18.0,78.0,52.0,78.0,113.0,73.0,165.0,73.0,214.0,74.0,8.0,101.0,0.0,260.0,1.0,869.0,43.0,41.0,13.0
AAA,2014J,290164,F,Scotland,HE Qualification,30-40%,35-55,0,60,N,Pass,-88.0,NA,24.0,67.0,57.0,74.0,117.0,68.0,166.0,64.0,218.0,57.0,43.0,2584.0,5.0,1138.0,4.0,1672.0,65.0,200.0,94.0
AAA,2014J,292525,M,South Region,A Level or Equivalent,70-80%,0-35,0,60,N,Pass,-52.0,NA,19.0,84.0,54.0,84.0,117.0,86.0,166.0,85.0,215.0,84.0,0.0,0.0,0.0,51.0,0.0,196.0,10.0,50.0,4.0
AAA,2014J,292775,M,South East Region,A Level or Equivalent,40-50%,0-35,0,60,N,Pass,-35.0,NA,17.0,75.0,66.0,88.0,124.0,76.0,176.0,82.0,215.0,87.0,3.0,233.0,0.0,400.0,0.0,955.0,21.0,161.0,86.0
AAA,2014J,293824,F,South West Region,A Level or Equivalent,50-60%,35-55,0,60,N,Pass,-50.0,NA,18.0,73.0,53.0,44.0,116.0,64.0,170.0,59.0,212.0,60.0,8.0,3992.0,0.0,2116.0,3.0,1445.0,28.0,202.0,107.0
AAA,2014J,294496,M,North Western Region,A Level or Equivalent,10-20,35-55,0,60,Y,Pass,-147.0,NA,23.0,79.0,84.0,85.0,136.0,86.0,180.0,80.0,215.0,73.0,0.0,178.0,0.0,428.0,0.0,539.0,18.0,167.0,92.0
AAA,2014J,294655,M,Wales,A Level or Equivalent,70-80%,35-55,0,60,N,Fail,-49.0,NA,37.0,75.0,74.0,81.0,122.0,77.0,177.0,77.0,224.0,78.0,0.0,368.0,1.0,230.0,1.0,1485.0,21.0,112.0,1.0
AAA,2014J,295060,M,East Anglian Region,A Level or Equivalent,70-80%,0-35,0,60,N,Fail,-66.0,NA,19.0,66.0,61.0,62.0,117.0,64.0,166.0,70.0,215.0,73.0,0.0,448.0,0.0,284.0,0.0,126.0,90.0,139.0,10.0
AAA,2014J,295075,M,South Region,HE Qualification,70-80%,55<=,0,60,N,Pass,-114.0,NA,19.0,67.0,69.0,55.0,117.0,69.0,166.0,65.0,215.0,64.0,9.0,232.0,0.0,175.0,0.0,1192.0,9.0,25.0,0.0
AAA,2014J,296424,M,Scotland,A Level or Equivalent,30-40%,35-55,0,60,N,Pass,-84.0,NA,18.0,65.0,53.0,66.0,116.0,86.0,164.0,87.0,207.0,82.0,4.0,141.0,0.0,354.0,0.0,1114.0,8.0,65.0,9.0
AAA,2014J,298034,M,Scotland,A Level or Equivalent,70-80%,35-55,0,120,N,Fail,-49.0,NA,19.0,68.0,53.0,82.0,117.0,82.0,166.0,68.0,212.0,64.0,14.0,282.0,0.0,261.0,2.0,1006.0,15.0,79.0,22.0
AAA,2014J,298838,F,Yorkshire Region,A Level or Equivalent,70-80%,0-35,0,60,N,Pass,-66.0,NA,18.0,68.0,54.0,83.0,117.0,86.0,167.0,79.0,215.0,80.0,6.0,235.0,0.0,321.0,0.0,910.0,22.0,90.0,20.0
AAA,2014J,301967,M,South West Region,A Level or Equivalent,20-30%,0-35,0,60,N,Pass,-35.0,NA,18.0,51.0,53.0,56.0,116.0,62.0,166.0,37.0,214.0,58.0,0.0,0.0,0.0,48.0,0.0,72.0,15.0,51.0,7.0
AAA,2014J,302476,M,South East Region,A Level or Equivalent,70-80%,0-35,0,60,N,Distinction,-156.0,NA,11.0,82.0,52.0,88.0,116.0,84.0,165.0,85.0,214.0,87.0,6.0,45.0,0.0,353.0,1.0,1054.0,15.0,170.0,122.0
AAA,2014J,303521,F,Ireland,A Level or Equivalent,20-30%,35-55,0,60,N,Pass,-108.0,NA,20.0,83.0,54.0,78.0,124.0,76.0,166.0,80.0,215.0,85.0,6.0,263.0,0.0,653.0,0.0,5914.0,69.0,188.0,70.0
AAA,2014J,303985,F,Scotland,HE Qualification,70-80%,0-35,1,60,N,Pass,-24.0,NA,19.0,67.0,54.0,68.0,124.0,71.0,166.0,80.0,219.0,88.0,0.0,50.0,0.0,82.0,0.0,157.0,11.0,69.0,12.0
AAA,2014J,304465,F,West Midlands Region,A Level or Equivalent,50-60%,0-35,0,60,N,Pass,-135.0,NA,18.0,76.0,53.0,72.0,116.0,79.0,165.0,80.0,214.0,71.0,5.0,669.0,1.0,462.0,0.0,2142.0,65.0,148.0,61.0
AAA,2014J,306646,M,South Region,A Level or Equivalent,80-90%,0-35,0,60,N,Pass,-22.0,NA,26.0,56.0,53.0,55.0,117.0,43.0,166.0,55.0,215.0,55.0,0.0,24.0,0.0,34.0,0.0,42.0,2.0,35.0,7.0
AAA,2014J,309142,F,South Region,A Level or Equivalent,90-100%,35-55,0,60,N,Pass,-38.0,NA,18.0,68.0,59.0,67.0,116.0,58.0,176.0,71.0,214.0,66.0,0.0,112.0,0.0,117.0,0.0,277.0,13.0,33.0,8.0
AAA,2014J,310412,F,London Region,A Level or Equivalent,40-50%,35-55,0,60,N,Pass,-81.0,NA,19.0,66.0,54.0,72.0,116.0,90.0,166.0,75.0,214.0,77.0,9.0,183.0,0.0,328.0,0.0,1760.0,18.0,41.0,0.0
AAA,2014J,311235,M,South West Region,A Level or Equivalent,50-60%,35-55,0,60,N,Pass,-123.0,NA,19.0,73.0,54.0,74.0,117.0,59.0,166.0,59.0,213.0,64.0,1.0,368.0,1.0,215.0,7.0,447.0,17.0,72.0,40.0
AAA,2014J,311659,M,East Anglian Region,A Level or Equivalent,70-80%,0-35,0,120,N,Fail,2.0,NA,NA,NA,NA,NA,NA,NA,NA,NA,NA,NA,0.0,5.0,0.0,16.0,0.0,81.0,0.0,8.0,2.0
AAA,2014J,313937,M,Scotland,HE Qualification,80-90%,35-55,0,60,N,Pass,-32.0,NA,19.0,81.0,54.0,75.0,117.0,73.0,166.0,88.0,215.0,87.0,21.0,1879.0,0.0,1874.0,0.0,2644.0,120.0,287.0,140.0
AAA,2014J,315076,M,Yorkshire Region,A Level or Equivalent,0-10%,0-35,0,60,N,Pass,-22.0,NA,18.0,81.0,68.0,55.0,116.0,70.0,187.0,69.0,215.0,68.0,9.0,219.0,1.0,297.0,1.0,740.0,20.0,97.0,51.0
AAA,2014J,315744,M,Scotland,A Level or Equivalent,90-100%,35-55,0,60,N,Distinction,-53.0,NA,18.0,81.0,57.0,76.0,124.0,88.0,167.0,81.0,218.0,86.0,9.0,954.0,2.0,573.0,0.0,2821.0,53.0,120.0,42.0
AAA,2014J,323370,F,West Midlands Region,A Level or Equivalent,30-40%,0-35,0,120,N,Pass,-53.0,NA,19.0,88.0,54.0,80.0,129.0,80.0,166.0,79.0,215.0,49.0,25.0,262.0,0.0,384.0,0.0,1165.0,71.0,178.0,56.0
AAA,2014J,323805,F,West Midlands Region,A Level or Equivalent,20-30%,0-35,0,180,N,Withdrawn,-144.0,-101.0,NA,NA,NA,NA,NA,NA,NA,NA,NA,NA,NA,NA,NA,NA,NA,NA,NA,NA,NA
AAA,2014J,328024,M,Yorkshire Region,A Level or Equivalent,10-20,35-55,0,60,N,Pass,-45.0,NA,19.0,82.0,57.0,56.0,120.0,40.0,173.0,68.0,215.0,33.0,17.0,302.0,0.0,534.0,0.0,1443.0,9.0,91.0,48.0
AAA,2014J,328734,F,East Anglian Region,A Level or Equivalent,80-90%,0-35,0,180,N,Withdrawn,-144.0,-47.0,NA,NA,NA,NA,NA,NA,NA,NA,NA,NA,NA,NA,NA,NA,NA,NA,NA,NA,NA
AAA,2014J,329659,F,East Anglian Region,A Level or Equivalent,30-40%,0-35,0,60,Y,Fail,-128.0,NA,9.0,58.0,35.0,58.0,75.0,45.0,139.0,50.0,179.0,38.0,0.0,50.0,1.0,117.0,0.0,256.0,19.0,39.0,5.0
AAA,2014J,330594,M,South West Region,Lower Than A Level,50-60%,0-35,0,60,N,Pass,-14.0,NA,19.0,62.0,60.0,65.0,128.0,59.0,166.0,58.0,219.0,54.0,1.0,100.0,0.0,380.0,0.0,415.0,14.0,86.0,47.0
AAA,2014J,331358,F,South Region,HE Qualification,90-100%,35-55,1,60,N,Distinction,-150.0,NA,-1.0,84.0,69.0,84.0,127.0,83.0,165.0,87.0,215.0,86.0,24.0,2122.0,4.0,772.0,5.0,860.0,49.0,247.0,129.0
AAA,2014J,332884,M,Wales,A Level or Equivalent,60-70%,0-35,0,60,N,Pass,-29.0,NA,19.0,82.0,54.0,79.0,117.0,85.0,166.0,86.0,215.0,79.0,9.0,34.0,0.0,337.0,0.0,982.0,51.0,147.0,88.0
AAA,2014J,334441,M,London Region,HE Qualification,60-70%,0-35,0,60,N,Fail,-154.0,NA,18.0,41.0,53.0,30.0,116.0,38.0,165.0,45.0,213.0,45.0,0.0,5.0,1.0,143.0,0.0,85.0,8.0,40.0,1.0
AAA,2014J,335247,M,South West Region,A Level or Equivalent,80-90%,0-35,0,60,N,Pass,-29.0,NA,22.0,62.0,53.0,54.0,117.0,86.0,166.0,76.0,215.0,73.0,0.0,151.0,0.0,151.0,0.0,168.0,23.0,98.0,13.0
AAA,2014J,335764,F,South East Region,A Level or Equivalent,20-30%,0-35,1,60,N,Pass,-108.0,NA,-1.0,86.0,-1.0,87.0,-1.0,86.0,166.0,87.0,215.0,90.0,0.0,652.0,0.0,417.0,0.0,387.0,17.0,119.0,50.0
AAA,2014J,337748,F,Yorkshire Region,A Level or Equivalent,30-40%,0-35,0,120,N,Withdrawn,-70.0,165.0,18.0,44.0,NA,NA,NA,NA,NA,NA,NA,NA,0.0,29.0,0.0,23.0,0.0,27.0,7.0,7.0,0.0
AAA,2014J,338407,M,East Midlands Region,A Level or Equivalent,60-70%,35-55,0,60,N,Pass,-67.0,NA,20.0,87.0,54.0,68.0,117.0,78.0,166.0,67.0,215.0,69.0,0.0,47.0,0.0,49.0,0.0,143.0,12.0,18.0,1.0
AAA,2014J,341876,M,East Anglian Region,HE Qualification,10-20,0-35,0,120,N,Withdrawn,-155.0,72.0,19.0,68.0,54.0,69.0,NA,NA,NA,NA,NA,NA,5.0,1053.0,4.0,291.0,2.0,340.0,49.0,32.0,8.0
AAA,2014J,342007,F,West Midlands Region,HE Qualification,70-80%,0-35,1,60,N,Pass,-130.0,NA,-1.0,75.0,58.0,95.0,132.0,85.0,174.0,88.0,215.0,76.0,14.0,322.0,0.0,325.0,1.0,1334.0,39.0,159.0,104.0
AAA,2014J,345440,M,South Region,HE Qualification,90-100%,0-35,0,60,N,Pass,-46.0,NA,18.0,78.0,54.0,72.0,116.0,75.0,165.0,74.0,214.0,70.0,0.0,0.0,0.0,38.0,0.0,101.0,7.0,18.0,1.0
AAA,2014J,345519,F,North Region,A Level or Equivalent,NA,0-35,0,60,N,Pass,-88.0,NA,17.0,85.0,50.0,68.0,115.0,83.0,164.0,73.0,214.0,78.0,6.0,110.0,0.0,326.0,8.0,517.0,10.0,105.0,59.0
AAA,2014J,346118,F,East Anglian Region,A Level or Equivalent,20-30%,35-55,0,120,N,Pass,-148.0,NA,19.0,74.0,54.0,73.0,117.0,69.0,166.0,78.0,215.0,69.0,0.0,228.0,0.0,153.0,0.0,214.0,13.0,82.0,10.0
AAA,2014J,348275,M,Scotland,HE Qualification,40-50%,35-55,0,120,N,Withdrawn,-103.0,128.0,19.0,83.0,75.0,40.0,NA,NA,NA,NA,NA,NA,1.0,65.0,0.0,196.0,0.0,170.0,15.0,70.0,28.0
AAA,2014J,348807,M,East Midlands Region,A Level or Equivalent,80-90%,35-55,0,60,N,Pass,-22.0,NA,24.0,79.0,69.0,77.0,121.0,77.0,184.0,80.0,219.0,70.0,0.0,57.0,0.0,112.0,3.0,213.0,6.0,32.0,2.0
AAA,2014J,350156,M,South West Region,A Level or Equivalent,30-40%,0-35,0,120,N,Pass,-50.0,NA,19.0,49.0,54.0,53.0,117.0,63.0,166.0,56.0,215.0,40.0,0.0,35.0,0.0,78.0,0.0,293.0,41.0,112.0,1.0
AAA,2014J,350939,M,East Anglian Region,Lower Than A Level,80-90%,0-35,0,60,N,Pass,-124.0,NA,18.0,77.0,53.0,60.0,116.0,68.0,166.0,68.0,215.0,75.0,3.0,149.0,1.0,309.0,0.0,778.0,16.0,101.0,70.0
AAA,2014J,351336,F,East Midlands Region,A Level or Equivalent,10-20,0-35,0,60,N,Pass,-130.0,NA,17.0,60.0,52.0,63.0,116.0,67.0,163.0,54.0,213.0,79.0,0.0,270.0,0.0,304.0,0.0,291.0,15.0,55.0,9.0
AAA,2014J,353665,M,South Region,A Level or Equivalent,70-80%,35-55,0,60,N,Pass,-51.0,NA,19.0,75.0,53.0,57.0,117.0,57.0,166.0,66.0,215.0,68.0,0.0,111.0,0.0,96.0,0.0,108.0,11.0,60.0,12.0
AAA,2014J,354170,F,Wales,A Level or Equivalent,0-10%,0-35,0,60,N,Fail,-124.0,NA,19.0,68.0,54.0,49.0,117.0,71.0,166.0,52.0,215.0,50.0,1.0,243.0,1.0,296.0,0.0,291.0,11.0,95.0,7.0
AAA,2014J,356170,M,North Western Region,HE Qualification,30-40%,0-35,0,60,N,Pass,-149.0,NA,24.0,64.0,54.0,76.0,117.0,68.0,NA,NA,215.0,78.0,3.0,38.0,0.0,67.0,0.0,607.0,5.0,47.0,1.0
AAA,2014J,358182,M,South Region,Lower Than A Level,80-90%,0-35,0,120,N,Pass,-96.0,NA,16.0,80.0,54.0,72.0,123.0,74.0,166.0,76.0,215.0,73.0,0.0,157.0,0.0,361.0,0.0,1190.0,34.0,112.0,47.0
AAA,2014J,364957,F,East Anglian Region,HE Qualification,70-80%,35-55,0,60,N,Pass,-37.0,NA,19.0,51.0,54.0,55.0,117.0,64.0,181.0,62.0,220.0,66.0,0.0,249.0,5.0,412.0,0.0,734.0,46.0,144.0,48.0
AAA,2014J,369834,M,West Midlands Region,A Level or Equivalent,60-70%,0-35,0,60,N,Withdrawn,-74.0,227.0,18.0,82.0,54.0,38.0,116.0,86.0,166.0,80.0,218.0,82.0,4.0,111.0,0.0,343.0,0.0,655.0,14.0,98.0,40.0
AAA,2014J,371710,M,Scotland,HE Qualification,10-20,0-35,0,60,N,Pass,-128.0,NA,19.0,86.0,54.0,85.0,117.0,85.0,166.0,80.0,215.0,72.0,0.0,549.0,0.0,526.0,3.0,1763.0,9.0,99.0,11.0
AAA,2014J,373872,F,South Region,A Level or Equivalent,40-50%,0-35,0,60,N,Pass,-25.0,NA,23.0,70.0,57.0,68.0,122.0,62.0,174.0,64.0,214.0,64.0,10.0,110.0,0.0,270.0,4.0,949.0,10.0,111.0,64.0
AAA,2014J,375260,M,Ireland,HE Qualification,NA,0-35,0,60,N,Pass,-122.0,NA,19.0,73.0,61.0,76.0,124.0,75.0,168.0,78.0,215.0,55.0,0.0,63.0,0.0,210.0,0.0,414.0,56.0,79.0,7.0
AAA,2014J,375646,M,London Region,A Level or Equivalent,40-50%,0-35,0,120,N,Pass,-38.0,NA,18.0,72.0,53.0,80.0,116.0,78.0,165.0,80.0,214.0,68.0,0.0,234.0,0.0,93.0,0.0,208.0,8.0,49.0,14.0
AAA,2014J,377546,M,East Anglian Region,A Level or Equivalent,50-60%,0-35,0,120,Y,Distinction,-37.0,NA,25.0,83.0,53.0,85.0,116.0,80.0,170.0,80.0,213.0,87.0,11.0,300.0,0.0,300.0,0.0,943.0,24.0,76.0,6.0
AAA,2014J,381642,F,North Western Region,A Level or Equivalent,20-30%,0-35,0,60,N,Withdrawn,-88.0,229.0,22.0,74.0,53.0,78.0,117.0,82.0,168.0,78.0,212.0,82.0,12.0,17.0,0.0,310.0,0.0,684.0,1.0,161.0,105.0
AAA,2014J,382095,M,South Region,Lower Than A Level,50-60%,0-35,0,60,N,Pass,-88.0,NA,17.0,81.0,53.0,70.0,112.0,67.0,165.0,80.0,218.0,85.0,5.0,1056.0,0.0,554.0,0.0,642.0,6.0,104.0,25.0
AAA,2014J,383180,F,South Region,A Level or Equivalent,70-80%,0-35,0,60,N,Withdrawn,-88.0,172.0,19.0,83.0,71.0,68.0,116.0,65.0,NA,NA,NA,NA,0.0,17.0,0.0,150.0,4.0,447.0,12.0,23.0,4.0
AAA,2014J,383600,M,Scotland,A Level or Equivalent,70-80%,0-35,0,60,N,Pass,-32.0,NA,17.0,78.0,53.0,61.0,116.0,86.0,165.0,88.0,214.0,80.0,3.0,25.0,0.0,144.0,0.0,450.0,6.0,88.0,9.0
AAA,2014J,383723,M,East Anglian Region,HE Qualification,90-100%,55<=,0,60,N,Pass,-113.0,NA,17.0,84.0,54.0,79.0,116.0,78.0,169.0,75.0,214.0,85.0,30.0,3577.0,0.0,965.0,2.0,2461.0,49.0,274.0,174.0
AAA,2014J,384203,M,Scotland,HE Qualification,20-30%,0-35,0,120,N,Pass,-155.0,NA,18.0,76.0,53.0,67.0,127.0,75.0,170.0,74.0,215.0,85.0,4.0,2247.0,0.0,1636.0,0.0,1093.0,26.0,156.0,22.0
AAA,2014J,384725,F,East Anglian Region,Lower Than A Level,90-100%,35-55,0,60,N,Pass,-137.0,NA,18.0,81.0,54.0,81.0,117.0,83.0,165.0,75.0,215.0,82.0,3.0,2329.0,0.0,803.0,0.0,1287.0,51.0,141.0,63.0
AAA,2014J,387533,M,Scotland,HE Qualification,50-60%,35-55,0,60,N,Fail,-50.0,NA,19.0,68.0,NA,NA,132.0,42.0,NA,NA,NA,NA,0.0,212.0,0.0,228.0,0.0,592.0,6.0,41.0,17.0
AAA,2014J,387954,F,South Region,A Level or Equivalent,60-70%,35-55,0,60,N,Withdrawn,-150.0,18.0,NA,NA,NA,NA,NA,NA,NA,NA,NA,NA,0.0,306.0,0.0,86.0,1.0,113.0,4.0,15.0,7.0
AAA,2014J,388147,F,South West Region,A Level or Equivalent,10-20,35-55,0,300,N,Fail,-84.0,NA,19.0,41.0,65.0,39.0,NA,NA,NA,NA,NA,NA,3.0,115.0,0.0,89.0,0.0,177.0,5.0,35.0,17.0
AAA,2014J,390890,M,Scotland,A Level or Equivalent,0-10%,0-35,1,90,N,Pass,-65.0,NA,-1.0,75.0,-1.0,80.0,-1.0,54.0,174.0,54.0,234.0,77.0,0.0,51.0,0.0,115.0,0.0,136.0,17.0,26.0,13.0
AAA,2014J,391249,M,South Region,HE Qualification,90-100%,35-55,0,60,N,Distinction,-25.0,NA,21.0,85.0,64.0,85.0,116.0,80.0,165.0,82.0,218.0,79.0,0.0,494.0,0.0,629.0,0.0,1449.0,14.0,58.0,4.0
AAA,2014J,396599,F,South Region,Lower Than A Level,60-70%,0-35,0,120,Y,Fail,-67.0,NA,18.0,60.0,57.0,62.0,128.0,40.0,172.0,55.0,NA,NA,0.0,178.0,0.0,219.0,3.0,496.0,22.0,68.0,53.0
AAA,2014J,396655,F,South Region,Lower Than A Level,40-50%,0-35,0,180,Y,Fail,-37.0,NA,37.0,19.0,75.0,50.0,138.0,38.0,178.0,54.0,218.0,40.0,0.0,97.0,0.0,127.0,1.0,160.0,14.0,62.0,1.0
AAA,2014J,398171,F,South West Region,A Level or Equivalent,70-80%,0-35,0,120,N,Pass,-42.0,NA,19.0,69.0,53.0,73.0,122.0,68.0,160.0,66.0,214.0,70.0,0.0,184.0,0.0,443.0,0.0,644.0,12.0,46.0,8.0
AAA,2014J,398349,F,East Midlands Region,HE Qualification,70-80%,0-35,0,60,N,Pass,-108.0,NA,25.0,85.0,53.0,80.0,116.0,87.0,166.0,74.0,214.0,73.0,3.0,1500.0,0.0,918.0,0.0,1371.0,66.0,314.0,123.0
AAA,2014J,400147,M,South East Region,Lower Than A Level,60-70%,35-55,0,60,N,Pass,-154.0,NA,18.0,49.0,53.0,57.0,116.0,68.0,175.0,65.0,214.0,57.0,0.0,29.0,0.0,60.0,0.0,183.0,4.0,53.0,9.0
AAA,2014J,400682,F,London Region,A Level or Equivalent,20-30%,0-35,0,60,N,Pass,-115.0,NA,19.0,55.0,54.0,53.0,117.0,48.0,166.0,57.0,215.0,50.0,8.0,172.0,0.0,214.0,0.0,1127.0,17.0,43.0,3.0
AAA,2014J,401404,M,West Midlands Region,A Level or Equivalent,90-100%,0-35,0,180,N,Pass,-58.0,NA,19.0,70.0,61.0,79.0,117.0,68.0,166.0,80.0,215.0,81.0,1.0,79.0,0.0,443.0,0.0,652.0,13.0,101.0,37.0
AAA,2014J,402204,M,West Midlands Region,A Level or Equivalent,NA,35-55,0,60,N,Pass,-43.0,NA,19.0,62.0,54.0,68.0,130.0,66.0,178.0,78.0,214.0,78.0,0.0,50.0,0.0,177.0,0.0,437.0,14.0,52.0,21.0
AAA,2014J,402727,F,East Anglian Region,A Level or Equivalent,60-70%,0-35,0,60,Y,Pass,-50.0,NA,19.0,70.0,54.0,60.0,117.0,80.0,165.0,78.0,214.0,78.0,0.0,48.0,0.0,112.0,0.0,209.0,7.0,37.0,1.0
AAA,2014J,402961,F,North Western Region,Lower Than A Level,80-90%,35-55,0,60,N,Pass,-140.0,NA,23.0,68.0,51.0,57.0,115.0,71.0,164.0,71.0,213.0,71.0,11.0,1510.0,1.0,719.0,0.0,1974.0,8.0,216.0,116.0
AAA,2014J,404356,F,South East Region,A Level or Equivalent,90-100%,0-35,0,60,N,Pass,-81.0,NA,15.0,67.0,57.0,72.0,119.0,83.0,172.0,68.0,214.0,80.0,5.0,455.0,0.0,428.0,2.0,974.0,16.0,189.0,7.0
AAA,2014J,406671,M,South West Region,A Level or Equivalent,80-90%,35-55,0,60,N,Pass,-78.0,NA,19.0,86.0,54.0,79.0,117.0,87.0,173.0,79.0,215.0,67.0,0.0,96.0,0.0,75.0,0.0,153.0,16.0,59.0,6.0
AAA,2014J,406682,M,South East Region,HE Qualification,70-80%,55<=,0,60,N,Distinction,-156.0,NA,13.0,84.0,47.0,77.0,113.0,86.0,161.0,85.0,213.0,86.0,16.0,332.0,3.0,564.0,4.0,1352.0,15.0,287.0,179.0
AAA,2014J,409100,M,South East Region,HE Qualification,80-90%,35-55,0,60,N,Pass,-124.0,NA,17.0,68.0,53.0,72.0,116.0,82.0,165.0,80.0,214.0,85.0,13.0,221.0,0.0,350.0,3.0,1441.0,25.0,83.0,44.0
AAA,2014J,409703,M,East Anglian Region,A Level or Equivalent,30-40%,0-35,0,120,N,Pass,-78.0,NA,17.0,62.0,52.0,65.0,115.0,63.0,165.0,64.0,214.0,65.0,13.0,278.0,0.0,550.0,0.0,1877.0,24.0,65.0,1.0
AAA,2014J,410092,F,North Western Region,A Level or Equivalent,0-10%,35-55,0,60,N,Pass,-81.0,NA,25.0,68.0,54.0,63.0,116.0,62.0,172.0,68.0,214.0,71.0,7.0,6.0,6.0,60.0,0.0,230.0,7.0,21.0,2.0
AAA,2014J,411971,M,Ireland,A Level or Equivalent,40-50%,0-35,0,60,N,Pass,-44.0,NA,19.0,80.0,54.0,78.0,117.0,67.0,166.0,66.0,215.0,75.0,3.0,14.0,0.0,229.0,1.0,957.0,26.0,87.0,1.0
AAA,2014J,415969,M,West Midlands Region,HE Qualification,0-10%,35-55,1,60,N,Fail,-108.0,NA,-1.0,67.0,-1.0,52.0,-1.0,60.0,NA,NA,NA,NA,0.0,0.0,0.0,14.0,0.0,27.0,2.0,15.0,0.0
AAA,2014J,418731,M,Ireland,A Level or Equivalent,70-80%,0-35,0,90,N,Fail,-85.0,NA,25.0,61.0,62.0,45.0,117.0,38.0,177.0,18.0,215.0,44.0,0.0,15.0,0.0,25.0,0.0,51.0,6.0,27.0,3.0
AAA,2014J,421455,F,North Region,A Level or Equivalent,50-60%,0-35,0,60,N,Pass,-121.0,NA,22.0,75.0,53.0,90.0,116.0,74.0,165.0,81.0,213.0,69.0,4.0,103.0,0.0,394.0,2.0,745.0,22.0,146.0,56.0
AAA,2014J,424577,M,London Region,HE Qualification,10-20,0-35,0,120,N,Pass,-114.0,NA,16.0,69.0,53.0,54.0,115.0,73.0,165.0,54.0,213.0,47.0,7.0,101.0,0.0,448.0,0.0,1509.0,14.0,94.0,23.0
AAA,2014J,429858,M,Ireland,Lower Than A Level,NA,0-35,0,300,N,Distinction,-53.0,NA,19.0,83.0,54.0,85.0,117.0,80.0,169.0,85.0,215.0,82.0,3.0,10.0,1.0,60.0,0.0,120.0,6.0,29.0,3.0
AAA,2014J,431025,M,East Anglian Region,A Level or Equivalent,90-100%,0-35,0,150,N,Fail,-46.0,NA,18.0,60.0,53.0,50.0,114.0,55.0,164.0,55.0,213.0,56.0,0.0,0.0,0.0,64.0,0.0,201.0,3.0,31.0,1.0
AAA,2014J,439305,M,South East Region,A Level or Equivalent,60-70%,35-55,0,60,N,Pass,-127.0,NA,23.0,90.0,54.0,68.0,122.0,72.0,166.0,70.0,215.0,65.0,0.0,52.0,0.0,131.0,0.0,382.0,14.0,34.0,0.0
AAA,2014J,440319,F,West Midlands Region,A Level or Equivalent,20-30%,0-35,0,60,N,Withdrawn,-88.0,174.0,19.0,83.0,61.0,70.0,128.0,55.0,NA,NA,NA,NA,2.0,227.0,4.0,115.0,1.0,273.0,22.0,28.0,4.0
AAA,2014J,442064,F,South West Region,HE Qualification,70-80%,0-35,0,120,N,Pass,-18.0,NA,19.0,54.0,66.0,36.0,123.0,72.0,172.0,59.0,220.0,44.0,0.0,76.0,0.0,68.0,0.0,179.0,7.0,59.0,13.0
AAA,2014J,442132,M,South West Region,HE Qualification,20-30%,0-35,0,60,N,Pass,-122.0,NA,26.0,56.0,53.0,64.0,117.0,59.0,183.0,77.0,218.0,73.0,0.0,4.0,0.0,56.0,0.0,75.0,3.0,32.0,6.0
AAA,2014J,446108,M,South West Region,A Level or Equivalent,70-80%,0-35,0,120,N,Pass,-106.0,NA,18.0,64.0,52.0,52.0,116.0,54.0,166.0,59.0,215.0,59.0,0.0,201.0,0.0,208.0,0.0,388.0,16.0,50.0,16.0
AAA,2014J,447481,M,Ireland,A Level or Equivalent,70-80%,0-35,0,60,N,Pass,-21.0,NA,26.0,27.0,59.0,54.0,117.0,58.0,173.0,65.0,215.0,58.0,0.0,327.0,1.0,117.0,0.0,222.0,28.0,69.0,3.0
AAA,2014J,468120,M,West Midlands Region,Lower Than A Level,50-60%,0-35,0,120,N,Fail,-106.0,NA,19.0,42.0,61.0,38.0,NA,NA,NA,NA,NA,NA,1.0,4.0,0.0,24.0,0.0,28.0,40.0,18.0,1.0
AAA,2014J,468694,M,South Region,A Level or Equivalent,90-100%,0-35,0,120,N,Withdrawn,-23.0,240.0,19.0,61.0,54.0,68.0,123.0,55.0,167.0,63.0,216.0,59.0,0.0,48.0,0.0,78.0,0.0,296.0,11.0,33.0,7.0
AAA,2014J,470588,M,South East Region,HE Qualification,90-100%,35-55,1,60,N,Withdrawn,-154.0,240.0,-1.0,86.0,54.0,66.0,NA,NA,NA,NA,NA,NA,0.0,13.0,11.0,95.0,0.0,280.0,5.0,31.0,7.0
AAA,2014J,470982,F,East Anglian Region,HE Qualification,20-30%,35-55,1,120,N,Pass,-31.0,NA,19.0,60.0,54.0,60.0,117.0,60.0,180.0,63.0,215.0,65.0,0.0,99.0,0.0,239.0,0.0,1075.0,10.0,69.0,36.0
AAA,2014J,476603,M,Wales,A Level or Equivalent,0-10%,0-35,0,120,N,Distinction,-72.0,NA,19.0,82.0,67.0,85.0,131.0,87.0,178.0,79.0,227.0,86.0,3.0,217.0,1.0,277.0,4.0,779.0,16.0,68.0,0.0
AAA,2014J,481022,M,East Midlands Region,A Level or Equivalent,20-30%,0-35,0,180,N,Fail,-30.0,NA,19.0,40.0,54.0,57.0,115.0,50.0,NA,NA,NA,NA,0.0,25.0,0.0,23.0,0.0,21.0,0.0,10.0,0.0
AAA,2014J,483800,F,Yorkshire Region,A Level or Equivalent,30-40%,0-35,0,120,N,Pass,-49.0,NA,19.0,67.0,54.0,69.0,121.0,78.0,166.0,68.0,215.0,71.0,0.0,372.0,0.0,310.0,0.0,572.0,41.0,70.0,3.0
AAA,2014J,484897,F,South West Region,A Level or Equivalent,90-100%,0-35,0,120,N,Pass,-109.0,NA,18.0,74.0,66.0,78.0,116.0,73.0,165.0,62.0,214.0,37.0,0.0,220.0,0.0,193.0,0.0,201.0,18.0,70.0,9.0
AAA,2014J,485962,F,East Anglian Region,HE Qualification,70-80%,0-35,0,120,N,Pass,-121.0,NA,17.0,72.0,52.0,83.0,117.0,94.0,166.0,76.0,215.0,77.0,5.0,76.0,0.0,262.0,1.0,646.0,6.0,35.0,3.0
AAA,2014J,488382,F,London Region,A Level or Equivalent,10-20,0-35,0,180,N,Withdrawn,-155.0,-137.0,NA,NA,NA,NA,NA,NA,NA,NA,NA,NA,NA,NA,NA,NA,NA,NA,NA,NA,NA
AAA,2014J,488990,M,South West Region,A Level or Equivalent,80-90%,35-55,0,60,N,Pass,-137.0,NA,16.0,53.0,50.0,62.0,112.0,40.0,162.0,59.0,212.0,56.0,0.0,63.0,0.0,152.0,0.0,294.0,16.0,143.0,42.0
AAA,2014J,500113,M,South East Region,A Level or Equivalent,70-80%,0-35,0,120,N,Pass,-109.0,NA,19.0,62.0,67.0,74.0,120.0,85.0,177.0,84.0,222.0,72.0,3.0,24.0,0.0,101.0,0.0,300.0,7.0,35.0,3.0
AAA,2014J,503889,F,Yorkshire Region,A Level or Equivalent,30-40%,0-35,0,60,N,Pass,-70.0,NA,19.0,73.0,54.0,52.0,117.0,77.0,166.0,65.0,215.0,78.0,7.0,337.0,0.0,448.0,2.0,1044.0,12.0,47.0,4.0
AAA,2014J,514526,M,London Region,Lower Than A Level,10-20,0-35,0,120,Y,Withdrawn,-22.0,-12.0,NA,NA,NA,NA,NA,NA,NA,NA,NA,NA,0.0,10.0,0.0,11.0,0.0,8.0,12.0,4.0,0.0
AAA,2014J,518808,F,Scotland,HE Qualification,90-100%,0-35,0,60,N,Pass,-10.0,NA,22.0,68.0,58.0,68.0,117.0,85.0,166.0,77.0,218.0,71.0,3.0,88.0,0.0,155.0,1.0,1123.0,16.0,56.0,1.0
AAA,2014J,522482,F,Scotland,HE Qualification,70-80%,0-35,0,90,N,Withdrawn,-87.0,80.0,19.0,75.0,NA,NA,NA,NA,NA,NA,NA,NA,0.0,29.0,0.0,34.0,3.0,122.0,7.0,16.0,1.0
AAA,2014J,527100,M,West Midlands Region,HE Qualification,70-80%,0-35,0,120,N,Distinction,-24.0,NA,18.0,87.0,53.0,88.0,117.0,92.0,165.0,92.0,215.0,95.0,3.0,78.0,0.0,203.0,0.0,590.0,10.0,27.0,3.0
AAA,2014J,527801,M,South West Region,Lower Than A Level,90-100%,35-55,0,120,N,Fail,-153.0,NA,19.0,42.0,58.0,52.0,117.0,67.0,NA,NA,215.0,37.0,0.0,99.0,0.0,185.0,0.0,213.0,12.0,80.0,18.0
AAA,2014J,533068,M,South Region,HE Qualification,90-100%,0-35,0,60,N,Pass,-30.0,NA,19.0,41.0,75.0,36.0,117.0,78.0,166.0,73.0,215.0,63.0,0.0,125.0,0.0,73.0,0.0,158.0,9.0,32.0,1.0
AAA,2014J,537081,F,Scotland,HE Qualification,10-20,0-35,0,120,N,Fail,-23.0,NA,18.0,60.0,54.0,74.0,122.0,76.0,171.0,28.0,215.0,66.0,1.0,473.0,0.0,144.0,0.0,151.0,18.0,81.0,3.0
AAA,2014J,544253,M,London Region,A Level or Equivalent,60-70%,35-55,0,120,N,Pass,-24.0,NA,19.0,73.0,61.0,75.0,129.0,78.0,178.0,68.0,215.0,72.0,3.0,141.0,2.0,693.0,0.0,1196.0,36.0,165.0,34.0
AAA,2014J,548120,M,London Region,HE Qualification,80-90%,0-35,0,60,N,Pass,-25.0,NA,19.0,77.0,54.0,76.0,117.0,70.0,166.0,82.0,215.0,68.0,0.0,67.0,0.0,193.0,0.0,439.0,22.0,69.0,14.0
AAA,2014J,561467,F,South Region,A Level or Equivalent,80-90%,0-35,0,90,N,Withdrawn,-46.0,58.0,NA,NA,NA,NA,NA,NA,NA,NA,NA,NA,0.0,79.0,0.0,49.0,0.0,286.0,12.0,25.0,2.0
AAA,2014J,567922,F,North Western Region,A Level or Equivalent,50-60%,0-35,0,120,N,Withdrawn,-49.0,-22.0,NA,NA,NA,NA,NA,NA,NA,NA,NA,NA,NA,NA,NA,NA,NA,NA,NA,NA,NA
AAA,2014J,569505,F,East Midlands Region,HE Qualification,60-70%,35-55,0,60,N,Distinction,-60.0,NA,19.0,85.0,54.0,89.0,107.0,85.0,165.0,84.0,214.0,86.0,19.0,2381.0,0.0,754.0,1.0,993.0,26.0,49.0,2.0
AAA,2014J,570317,M,Wales,A Level or Equivalent,70-80%,0-35,0,120,N,Pass,-24.0,NA,19.0,79.0,54.0,70.0,132.0,76.0,170.0,79.0,215.0,75.0,0.0,207.0,1.0,250.0,4.0,423.0,25.0,98.0,19.0
AAA,2014J,574505,F,West Midlands Region,HE Qualification,40-50%,0-35,0,120,N,Pass,-153.0,NA,19.0,43.0,54.0,35.0,117.0,40.0,166.0,52.0,212.0,40.0,5.0,6.0,0.0,137.0,0.0,672.0,12.0,18.0,0.0
AAA,2014J,588477,M,Yorkshire Region,HE Qualification,20-30%,0-35,0,60,N,Pass,-141.0,NA,19.0,88.0,52.0,71.0,116.0,77.0,164.0,78.0,213.0,70.0,9.0,2462.0,0.0,1319.0,1.0,1277.0,22.0,82.0,11.0
AAA,2014J,593846,M,South Region,HE Qualification,50-60%,0-35,0,120,N,Withdrawn,-154.0,227.0,17.0,67.0,53.0,54.0,117.0,63.0,166.0,76.0,222.0,64.0,0.0,82.0,0.0,181.0,0.0,575.0,14.0,78.0,4.0
AAA,2014J,593987,F,East Anglian Region,HE Qualification,70-80%,35-55,0,180,N,Fail,-24.0,NA,17.0,74.0,46.0,70.0,102.0,70.0,163.0,73.0,205.0,75.0,9.0,136.0,13.0,329.0,0.0,1032.0,34.0,111.0,3.0
AAA,2014J,596288,F,Scotland,HE Qualification,70-80%,0-35,0,120,N,Pass,-57.0,NA,18.0,85.0,51.0,74.0,116.0,70.0,166.0,80.0,214.0,78.0,0.0,80.0,0.0,67.0,0.0,137.0,8.0,65.0,18.0
AAA,2014J,598070,F,London Region,A Level or Equivalent,10-20,0-35,0,60,N,Withdrawn,-150.0,-2.0,NA,NA,NA,NA,NA,NA,NA,NA,NA,NA,0.0,0.0,0.0,3.0,0.0,0.0,0.0,0.0,0.0
AAA,2014J,603834,F,Scotland,HE Qualification,50-60%,0-35,0,90,N,Pass,-5.0,NA,19.0,64.0,54.0,58.0,124.0,64.0,167.0,63.0,216.0,60.0,0.0,119.0,1.0,78.0,0.0,107.0,3.0,33.0,0.0
AAA,2014J,603861,M,North Region,HE Qualification,NA,55<=,1,60,N,Withdrawn,-92.0,150.0,-1.0,61.0,-1.0,56.0,-1.0,58.0,-1.0,69.0,-1.0,71.0,0.0,0.0,0.0,41.0,0.0,107.0,0.0,1.0,1.0
AAA,2014J,608440,F,South Region,HE Qualification,50-60%,35-55,0,120,N,Withdrawn,-37.0,-11.0,NA,NA,NA,NA,NA,NA,NA,NA,NA,NA,0.0,52.0,0.0,28.0,0.0,91.0,1.0,10.0,5.0
AAA,2014J,623710,F,South East Region,A Level or Equivalent,20-30%,35-55,0,120,N,Withdrawn,-129.0,-129.0,NA,NA,NA,NA,NA,NA,NA,NA,NA,NA,NA,NA,NA,NA,NA,NA,NA,NA,NA
AAA,2014J,623840,M,East Anglian Region,A Level or Equivalent,0-10%,0-35,0,120,N,Pass,-108.0,NA,19.0,80.0,54.0,82.0,117.0,83.0,166.0,77.0,215.0,77.0,1.0,901.0,2.0,345.0,0.0,981.0,20.0,115.0,5.0
AAA,2014J,626240,M,South Region,HE Qualification,30-40%,0-35,0,120,N,Pass,-25.0,NA,26.0,63.0,54.0,53.0,129.0,38.0,166.0,60.0,216.0,66.0,0.0,67.0,0.0,138.0,0.0,309.0,37.0,37.0,0.0
AAA,2014J,628088,M,South East Region,A Level or Equivalent,70-80%,0-35,0,60,Y,Withdrawn,-135.0,51.0,25.0,80.0,NA,NA,NA,NA,NA,NA,NA,NA,0.0,214.0,0.0,69.0,0.0,196.0,6.0,34.0,0.0
AAA,2014J,628312,F,South East Region,HE Qualification,80-90%,0-35,0,120,N,Withdrawn,-14.0,9.0,NA,NA,NA,NA,NA,NA,NA,NA,NA,NA,0.0,13.0,1.0,9.0,1.0,26.0,3.0,20.0,4.0
AAA,2014J,630142,M,East Anglian Region,A Level or Equivalent,90-100%,0-35,0,120,N,Withdrawn,-24.0,166.0,19.0,88.0,63.0,81.0,NA,NA,NA,NA,NA,NA,0.0,110.0,0.0,91.0,0.0,209.0,1.0,38.0,6.0
AAA,2014J,637665,F,South Region,HE Qualification,90-100%,0-35,0,60,N,Pass,-93.0,NA,19.0,68.0,54.0,48.0,117.0,45.0,166.0,50.0,215.0,48.0,0.0,1576.0,0.0,507.0,0.0,766.0,13.0,118.0,3.0
AAA,2014J,639053,M,North Region,A Level or Equivalent,60-70%,0-35,0,120,N,Pass,-149.0,NA,16.0,60.0,54.0,68.0,116.0,74.0,174.0,63.0,223.0,63.0,0.0,6.0,0.0,56.0,0.0,103.0,2.0,27.0,1.0
AAA,2014J,642878,M,South West Region,HE Qualification,70-80%,0-35,0,60,N,Withdrawn,-108.0,73.0,19.0,52.0,53.0,36.0,NA,NA,NA,NA,NA,NA,0.0,94.0,0.0,94.0,1.0,360.0,3.0,24.0,2.0
AAA,2014J,648130,M,Yorkshire Region,A Level or Equivalent,80-90%,0-35,0,240,N,Withdrawn,-53.0,228.0,17.0,53.0,45.0,60.0,114.0,38.0,162.0,56.0,215.0,58.0,0.0,36.0,0.0,147.0,0.0,237.0,2.0,25.0,0.0
AAA,2014J,676546,M,Scotland,HE Qualification,80-90%,0-35,0,120,N,Withdrawn,-38.0,180.0,19.0,77.0,54.0,69.0,115.0,74.0,180.0,76.0,NA,NA,0.0,10.0,0.0,81.0,0.0,187.0,6.0,36.0,1.0
AAA,2014J,677186,M,South East Region,HE Qualification,70-80%,0-35,0,60,N,Pass,-66.0,NA,17.0,43.0,53.0,51.0,116.0,53.0,165.0,71.0,213.0,60.0,0.0,59.0,0.0,128.0,0.0,389.0,6.0,39.0,15.0
AAA,2014J,677281,M,Wales,A Level or Equivalent,80-90%,0-35,0,60,N,Fail,-17.0,NA,NA,NA,NA,NA,NA,NA,NA,NA,NA,NA,0.0,13.0,1.0,28.0,0.0,72.0,2.0,10.0,0.0
AAA,2014J,684180,M,North Region,HE Qualification,NA,0-35,0,120,N,Pass,-21.0,NA,19.0,50.0,52.0,62.0,116.0,75.0,169.0,75.0,217.0,51.0,0.0,21.0,0.0,46.0,0.0,72.0,23.0,9.0,0.0
AAA,2014J,687698,M,Yorkshire Region,HE Qualification,20-30%,0-35,0,120,N,Pass,-4.0,NA,19.0,41.0,54.0,56.0,124.0,55.0,166.0,53.0,217.0,58.0,0.0,39.0,0.0,53.0,1.0,42.0,2.0,29.0,8.0
AAA,2014J,696073,F,Ireland,Lower Than A Level,NA,0-35,0,60,N,Pass,-22.0,NA,17.0,63.0,53.0,72.0,117.0,78.0,166.0,75.0,214.0,78.0,3.0,312.0,0.0,374.0,0.0,1374.0,14.0,89.0,2.0
AAA,2014J,696578,M,South Region,HE Qualification,60-70%,0-35,0,60,N,Withdrawn,-22.0,182.0,19.0,85.0,54.0,70.0,123.0,80.0,NA,NA,NA,NA,0.0,272.0,0.0,466.0,1.0,692.0,164.0,68.0,4.0
AAA,2014J,721259,F,South Region,Lower Than A Level,50-60%,55<=,1,60,N,Withdrawn,-30.0,128.0,19.0,65.0,NA,NA,NA,NA,NA,NA,NA,NA,4.0,1559.0,15.0,558.0,0.0,575.0,17.0,100.0,52.0
AAA,2014J,852847,M,South West Region,A Level or Equivalent,60-70%,55<=,0,60,N,Fail,-87.0,NA,15.0,42.0,49.0,27.0,NA,NA,NA,NA,NA,NA,2.0,3.0,1.0,63.0,0.0,72.0,7.0,33.0,0.0
AAA,2014J,998493,F,South Region,A Level or Equivalent,90-100%,55<=,0,60,N,Pass,-135.0,NA,13.0,75.0,48.0,68.0,112.0,70.0,157.0,68.0,211.0,63.0,16.0,5145.0,7.0,2821.0,3.0,1911.0,29.0,318.0,214.0
AAA,2014J,1045203,M,Wales,Lower Than A Level,0-10%,35-55,0,60,N,Pass,-155.0,NA,19.0,79.0,75.0,81.0,124.0,80.0,178.0,78.0,235.0,79.0,2.0,830.0,5.0,1071.0,4.0,1236.0,38.0,252.0,95.0
AAA,2014J,1112555,F,South Region,A Level or Equivalent,30-40%,35-55,0,60,N,Pass,-122.0,NA,19.0,64.0,57.0,72.0,123.0,70.0,166.0,66.0,214.0,62.0,3.0,629.0,0.0,428.0,3.0,1201.0,35.0,100.0,5.0
AAA,2014J,1183831,M,South West Region,HE Qualification,70-80%,55<=,0,60,N,Withdrawn,-115.0,166.0,25.0,76.0,54.0,72.0,131.0,66.0,NA,NA,NA,NA,23.0,331.0,1.0,272.0,2.0,1717.0,59.0,284.0,129.0
AAA,2014J,1268696,M,South West Region,HE Qualification,80-90%,35-55,0,60,N,Pass,-79.0,NA,18.0,55.0,54.0,82.0,117.0,64.0,165.0,35.0,215.0,65.0,0.0,171.0,2.0,101.0,0.0,23.0,4.0,24.0,1.0
AAA,2014J,1336190,M,London Region,HE Qualification,80-90%,55<=,0,60,N,Pass,-23.0,NA,NA,NA,NA,NA,NA,NA,NA,NA,NA,NA,10.0,32.0,0.0,235.0,0.0,576.0,11.0,110.0,47.0
AAA,2014J,1352868,M,Yorkshire Region,A Level or Equivalent,20-30%,35-55,1,60,N,Pass,-57.0,NA,19.0,82.0,57.0,72.0,117.0,66.0,180.0,73.0,215.0,56.0,3.0,229.0,0.0,208.0,0.0,588.0,11.0,50.0,2.0
AAA,2014J,1398979,F,South Region,A Level or Equivalent,90-100%,55<=,0,60,N,Withdrawn,-72.0,213.0,19.0,76.0,52.0,65.0,117.0,72.0,172.0,78.0,NA,NA,19.0,3228.0,3.0,869.0,0.0,778.0,90.0,69.0,15.0
AAA,2014J,1456619,M,South West Region,A Level or Equivalent,90-100%,35-55,1,60,N,Withdrawn,-99.0,63.0,26.0,63.0,NA,NA,NA,NA,NA,NA,NA,NA,0.0,66.0,4.0,102.0,0.0,463.0,14.0,47.0,10.0
AAA,2014J,1469279,F,East Anglian Region,HE Qualification,40-50%,35-55,0,120,N,Withdrawn,-51.0,-22.0,NA,NA,NA,NA,NA,NA,NA,NA,NA,NA,NA,NA,NA,NA,NA,NA,NA,NA,NA
AAA,2014J,1471214,M,East Midlands Region,A Level or Equivalent,60-70%,35-55,0,60,N,Pass,-32.0,NA,19.0,70.0,58.0,77.0,117.0,74.0,166.0,60.0,215.0,74.0,5.0,203.0,0.0,89.0,0.0,777.0,6.0,57.0,24.0
AAA,2014J,1472925,F,East Anglian Region,Lower Than A Level,40-50%,35-55,1,60,Y,Pass,5.0,NA,18.0,58.0,53.0,59.0,127.0,59.0,172.0,69.0,222.0,66.0,0.0,86.0,0.0,102.0,0.0,243.0,10.0,60.0,22.0
AAA,2014J,1484804,F,West Midlands Region,A Level or Equivalent,40-50%,35-55,0,60,N,Pass,-88.0,NA,29.0,64.0,75.0,57.0,131.0,64.0,185.0,70.0,215.0,74.0,0.0,25.0,0.0,540.0,0.0,721.0,21.0,128.0,19.0
AAA,2014J,1511033,M,Wales,A Level or Equivalent,50-60%,35-55,0,60,N,Pass,-67.0,NA,16.0,73.0,52.0,59.0,116.0,82.0,164.0,79.0,214.0,80.0,3.0,0.0,0.0,167.0,0.0,310.0,10.0,117.0,72.0
AAA,2014J,1576513,F,East Midlands Region,A Level or Equivalent,60-70%,35-55,0,60,N,Distinction,-84.0,NA,19.0,87.0,54.0,85.0,116.0,86.0,165.0,85.0,213.0,90.0,34.0,7879.0,0.0,4338.0,1.0,2533.0,213.0,402.0,316.0
AAA,2014J,1609002,F,East Midlands Region,A Level or Equivalent,70-80%,35-55,0,60,N,Pass,-109.0,NA,23.0,74.0,59.0,77.0,116.0,87.0,165.0,81.0,214.0,78.0,3.0,59.0,0.0,303.0,3.0,546.0,23.0,59.0,29.0
AAA,2014J,1629771,M,South East Region,A Level or Equivalent,60-70%,35-55,0,60,N,Distinction,-115.0,NA,17.0,82.0,54.0,85.0,124.0,85.0,166.0,74.0,215.0,75.0,1.0,94.0,1.0,143.0,0.0,215.0,10.0,43.0,15.0
AAA,2014J,1676594,M,London Region,HE Qualification,80-90%,55<=,0,60,N,Withdrawn,-73.0,32.0,NA,NA,NA,NA,NA,NA,NA,NA,NA,NA,0.0,15.0,0.0,32.0,0.0,105.0,10.0,15.0,0.0
AAA,2014J,1686551,F,Scotland,A Level or Equivalent,40-50%,35-55,0,60,N,Withdrawn,-99.0,108.0,19.0,80.0,NA,NA,NA,NA,NA,NA,NA,NA,0.0,113.0,0.0,169.0,3.0,260.0,17.0,58.0,27.0
AAA,2014J,1689639,F,South East Region,Lower Than A Level,60-70%,35-55,0,60,N,Withdrawn,-154.0,110.0,18.0,63.0,52.0,78.0,NA,NA,NA,NA,NA,NA,0.0,842.0,9.0,391.0,0.0,478.0,8.0,103.0,51.0
AAA,2014J,1715896,M,South Region,A Level or Equivalent,80-90%,35-55,0,60,N,Pass,-42.0,NA,19.0,72.0,54.0,85.0,117.0,83.0,175.0,80.0,215.0,70.0,11.0,2987.0,2.0,1271.0,5.0,870.0,29.0,103.0,36.0
AAA,2014J,1721270,M,South East Region,Lower Than A Level,50-60%,35-55,0,90,N,Pass,-136.0,NA,22.0,73.0,54.0,57.0,121.0,62.0,170.0,30.0,215.0,68.0,0.0,66.0,0.0,87.0,0.0,506.0,33.0,29.0,9.0
AAA,2014J,1757766,F,North Western Region,A Level or Equivalent,30-40%,35-55,0,60,N,Pass,-150.0,NA,18.0,70.0,60.0,62.0,117.0,73.0,172.0,72.0,214.0,75.0,7.0,200.0,0.0,524.0,0.0,2234.0,29.0,192.0,115.0
AAA,2014J,1773377,M,London Region,A Level or Equivalent,90-100%,35-55,0,60,N,Pass,-37.0,NA,17.0,76.0,55.0,76.0,120.0,75.0,170.0,72.0,216.0,74.0,0.0,22.0,0.0,154.0,0.0,407.0,13.0,66.0,49.0
AAA,2014J,1799111,M,Scotland,A Level or Equivalent,60-70%,35-55,0,60,N,Pass,-94.0,NA,18.0,76.0,53.0,83.0,116.0,78.0,166.0,72.0,214.0,78.0,0.0,214.0,0.0,294.0,0.0,573.0,5.0,76.0,12.0
AAA,2014J,1818673,F,Scotland,HE Qualification,20-30%,35-55,0,120,N,Fail,-44.0,NA,19.0,86.0,NA,NA,NA,NA,NA,NA,NA,NA,0.0,51.0,0.0,77.0,0.0,162.0,5.0,36.0,5.0
AAA,2014J,1839386,F,Yorkshire Region,Lower Than A Level,30-40%,35-55,0,60,N,Withdrawn,-67.0,34.0,26.0,40.0,NA,NA,NA,NA,NA,NA,NA,NA,0.0,60.0,0.0,46.0,0.0,85.0,1.0,13.0,2.0
AAA,2014J,1926668,M,London Region,Lower Than A Level,30-40%,35-55,0,60,N,Pass,-155.0,NA,18.0,66.0,52.0,60.0,116.0,68.0,164.0,59.0,213.0,58.0,25.0,58.0,0.0,262.0,0.0,1469.0,46.0,152.0,82.0
AAA,2014J,1947156,F,South East Region,A Level or Equivalent,40-50%,35-55,0,60,N,Pass,-109.0,NA,17.0,68.0,44.0,70.0,114.0,73.0,164.0,87.0,211.0,83.0,8.0,627.0,0.0,452.0,10.0,780.0,10.0,108.0,79.0
AAA,2014J,1967783,F,South Region,A Level or Equivalent,70-80%,35-55,0,60,Y,Pass,-129.0,NA,16.0,70.0,52.0,70.0,113.0,63.0,164.0,60.0,214.0,62.0,10.0,633.0,0.0,327.0,0.0,1098.0,21.0,71.0,11.0
AAA,2014J,1970390,M,West Midlands Region,Lower Than A Level,0-10%,35-55,1,120,N,Pass,-119.0,NA,-1.0,78.0,-1.0,90.0,-1.0,90.0,-1.0,80.0,-1.0,80.0,3.0,1644.0,0.0,869.0,0.0,998.0,30.0,62.0,14.0
AAA,2014J,1975209,M,South East Region,Lower Than A Level,40-50%,35-55,0,60,N,Pass,-74.0,NA,18.0,58.0,52.0,63.0,109.0,63.0,165.0,66.0,213.0,70.0,0.0,238.0,16.0,657.0,0.0,1530.0,43.0,193.0,77.0
AAA,2014J,2010232,F,Scotland,A Level or Equivalent,80-90%,0-35,0,60,N,Pass,-7.0,NA,19.0,90.0,54.0,85.0,121.0,85.0,166.0,75.0,215.0,86.0,9.0,1764.0,12.0,1055.0,4.0,1083.0,49.0,141.0,10.0
AAA,2014J,2045084,M,North Western Region,HE Qualification,40-50%,35-55,0,120,N,Fail,-52.0,NA,39.0,72.0,NA,NA,NA,NA,NA,NA,NA,NA,0.0,31.0,0.0,71.0,0.0,135.0,51.0,31.0,7.0
AAA,2014J,2057803,M,London Region,Lower Than A Level,50-60%,35-55,0,60,N,Pass,-53.0,NA,16.0,78.0,53.0,69.0,118.0,66.0,165.0,64.0,210.0,53.0,0.0,2328.0,0.0,656.0,0.0,344.0,14.0,52.0,24.0
AAA,2014J,2073016,F,London Region,Lower Than A Level,30-40%,35-55,1,60,N,Fail,-86.0,NA,-1.0,60.0,-1.0,53.0,-1.0,68.0,NA,NA,215.0,50.0,0.0,26.0,0.0,36.0,0.0,82.0,4.0,20.0,5.0
AAA,2014J,2085209,F,North Region,HE Qualification,40-50%,35-55,0,60,N,Pass,-59.0,NA,26.0,83.0,66.0,87.0,117.0,89.0,166.0,85.0,215.0,90.0,15.0,2490.0,0.0,1639.0,3.0,2752.0,56.0,274.0,198.0
AAA,2014J,2086400,M,Scotland,A Level or Equivalent,70-80%,35-55,0,60,N,Pass,-79.0,NA,18.0,66.0,60.0,65.0,123.0,66.0,165.0,74.0,214.0,75.0,8.0,806.0,0.0,922.0,0.0,1363.0,28.0,214.0,160.0
AAA,2014J,2139353,M,London Region,A Level or Equivalent,50-60%,35-55,1,60,N,Pass,-79.0,NA,-1.0,65.0,-1.0,62.0,-1.0,71.0,175.0,70.0,217.0,66.0,5.0,36.0,0.0,103.0,0.0,803.0,11.0,89.0,79.0
AAA,2014J,2148681,F,East Midlands Region,Lower Than A Level,40-50%,35-55,0,90,N,Pass,-102.0,NA,20.0,73.0,60.0,70.0,116.0,68.0,170.0,71.0,215.0,78.0,9.0,721.0,0.0,385.0,1.0,1023.0,56.0,95.0,56.0
AAA,2014J,2158048,F,Ireland,A Level or Equivalent,40-50%,35-55,0,60,N,Withdrawn,-8.0,55.0,27.0,86.0,NA,NA,NA,NA,NA,NA,NA,NA,6.0,145.0,0.0,146.0,0.0,476.0,16.0,44.0,18.0
AAA,2014J,2158196,F,South West Region,Lower Than A Level,30-40%,35-55,0,120,N,Withdrawn,-115.0,12.0,19.0,60.0,54.0,56.0,NA,NA,NA,NA,NA,NA,2.0,203.0,4.0,107.0,0.0,142.0,17.0,42.0,27.0
AAA,2014J,2165164,F,South West Region,Lower Than A Level,10-20,0-35,0,60,N,Pass,-86.0,NA,18.0,70.0,54.0,70.0,116.0,64.0,166.0,52.0,214.0,60.0,5.0,356.0,0.0,357.0,7.0,765.0,10.0,82.0,39.0
AAA,2014J,2168833,M,South West Region,Lower Than A Level,50-60%,35-55,0,60,N,Withdrawn,-53.0,146.0,19.0,24.0,NA,NA,NA,NA,NA,NA,NA,NA,0.0,0.0,0.0,4.0,0.0,14.0,0.0,2.0,0.0
AAA,2014J,2207874,F,West Midlands Region,Lower Than A Level,50-60%,0-35,0,120,N,Fail,-108.0,NA,19.0,66.0,120.0,38.0,131.0,60.0,NA,NA,NA,NA,0.0,109.0,0.0,48.0,0.0,68.0,5.0,31.0,4.0
AAA,2014J,2240349,M,South West Region,Lower Than A Level,20-30%,35-55,0,60,N,Pass,-108.0,NA,17.0,75.0,52.0,64.0,111.0,90.0,160.0,76.0,212.0,79.0,2.0,603.0,1.0,656.0,2.0,1384.0,44.0,310.0,107.0
AAA,2014J,2244332,M,North Western Region,A Level or Equivalent,20-30%,35-55,0,60,N,Distinction,-51.0,NA,19.0,83.0,54.0,86.0,117.0,86.0,172.0,85.0,215.0,86.0,39.0,6600.0,0.0,4392.0,2.0,2590.0,17.0,153.0,86.0
AAA,2014J,2273119,F,West Midlands Region,A Level or Equivalent,30-40%,0-35,0,60,N,Withdrawn,-44.0,135.0,25.0,50.0,74.0,30.0,116.0,35.0,NA,NA,NA,NA,0.0,9.0,0.0,11.0,0.0,47.0,5.0,30.0,3.0
AAA,2014J,2277857,F,West Midlands Region,A Level or Equivalent,70-80%,35-55,0,60,N,Pass,-119.0,NA,14.0,73.0,50.0,62.0,106.0,50.0,162.0,74.0,212.0,68.0,6.0,481.0,4.0,436.0,2.0,1574.0,15.0,95.0,59.0
AAA,2014J,2297896,F,West Midlands Region,A Level or Equivalent,70-80%,35-55,0,60,N,Pass,-59.0,NA,18.0,60.0,54.0,57.0,117.0,60.0,170.0,62.0,214.0,74.0,0.0,31.0,0.0,115.0,0.0,328.0,13.0,61.0,18.0
AAA,2014J,2313257,M,London Region,A Level or Equivalent,30-40%,35-55,0,360,N,Withdrawn,-101.0,-16.0,NA,NA,NA,NA,NA,NA,NA,NA,NA,NA,0.0,8.0,0.0,5.0,0.0,13.0,0.0,2.0,0.0
AAA,2014J,2318055,M,Wales,A Level or Equivalent,90-100%,35-55,1,60,N,Pass,-53.0,NA,19.0,75.0,54.0,78.0,132.0,79.0,178.0,70.0,215.0,77.0,0.0,471.0,0.0,212.0,1.0,946.0,13.0,76.0,7.0
AAA,2014J,2330254,M,London Region,Lower Than A Level,40-50%,35-55,0,60,N,Pass,-153.0,NA,5.0,60.0,51.0,73.0,114.0,78.0,162.0,67.0,212.0,71.0,0.0,1144.0,0.0,779.0,0.0,837.0,8.0,71.0,28.0
AAA,2014J,2355470,M,East Midlands Region,A Level or Equivalent,80-90%,35-55,0,120,N,Pass,-115.0,NA,15.0,60.0,50.0,50.0,113.0,57.0,163.0,57.0,208.0,48.0,0.0,6.0,0.0,62.0,0.0,122.0,4.0,21.0,1.0
AAA,2014J,2358969,F,East Anglian Region,A Level or Equivalent,70-80%,0-35,1,60,N,Pass,-46.0,NA,-1.0,68.0,53.0,69.0,123.0,68.0,169.0,62.0,214.0,79.0,3.0,384.0,3.0,487.0,0.0,749.0,19.0,78.0,10.0
AAA,2014J,2363863,F,North Western Region,A Level or Equivalent,0-10%,0-35,0,60,N,Distinction,-155.0,NA,33.0,85.0,53.0,70.0,120.0,80.0,170.0,81.0,214.0,87.0,10.0,918.0,0.0,1241.0,2.0,1866.0,64.0,256.0,124.0
AAA,2014J,2365101,M,South East Region,HE Qualification,20-30%,0-35,1,240,N,Withdrawn,-85.0,-54.0,NA,NA,NA,NA,NA,NA,NA,NA,NA,NA,NA,NA,NA,NA,NA,NA,NA,NA,NA
AAA,2014J,2369415,M,London Region,A Level or Equivalent,40-50%,35-55,0,60,N,Pass,-64.0,NA,18.0,75.0,53.0,72.0,116.0,87.0,165.0,80.0,NA,NA,0.0,16.0,0.0,173.0,0.0,458.0,14.0,67.0,1.0
AAA,2014J,2375975,F,East Anglian Region,A Level or Equivalent,60-70%,35-55,0,60,Y,Pass,-53.0,NA,18.0,73.0,54.0,70.0,127.0,68.0,176.0,70.0,215.0,76.0,19.0,1918.0,4.0,782.0,0.0,1376.0,69.0,126.0,4.0
AAA,2014J,2397661,F,East Midlands Region,Lower Than A Level,20-30%,35-55,0,60,N,Pass,-29.0,NA,19.0,45.0,54.0,50.0,117.0,50.0,166.0,37.0,215.0,60.0,15.0,445.0,0.0,257.0,0.0,809.0,48.0,62.0,21.0
AAA,2014J,2398313,M,East Anglian Region,Lower Than A Level,70-80%,35-55,0,60,N,Pass,-42.0,NA,18.0,72.0,56.0,72.0,119.0,70.0,168.0,73.0,215.0,70.0,8.0,834.0,2.0,789.0,0.0,1503.0,18.0,52.0,13.0
AAA,2014J,2404408,F,South West Region,Lower Than A Level,40-50%,35-55,0,60,N,Fail,-17.0,NA,18.0,68.0,60.0,37.0,NA,NA,NA,NA,NA,NA,0.0,343.0,0.0,130.0,0.0,269.0,7.0,44.0,9.0
AAA,2014J,2425993,M,Scotland,HE Qualification,40-50%,0-35,0,60,N,Pass,-16.0,NA,23.0,68.0,53.0,61.0,117.0,81.0,166.0,71.0,215.0,62.0,0.0,11.0,0.0,95.0,0.0,587.0,15.0,27.0,2.0
AAA,2014J,2429854,M,London Region,A Level or Equivalent,10-20,35-55,1,60,Y,Fail,-37.0,NA,NA,NA,NA,NA,NA,NA,NA,NA,NA,NA,0.0,39.0,0.0,62.0,0.0,168.0,0.0,29.0,0.0
AAA,2014J,2432796,F,East Anglian Region,HE Qualification,70-80%,35-55,0,60,N,Pass,-59.0,NA,19.0,63.0,58.0,65.0,116.0,59.0,167.0,67.0,215.0,63.0,2.0,116.0,0.0,179.0,0.0,561.0,11.0,68.0,26.0
AAA,2014J,2434159,M,North Western Region,A Level or Equivalent,10-20,0-35,0,60,N,Pass,-31.0,NA,23.0,65.0,84.0,54.0,117.0,50.0,166.0,57.0,216.0,44.0,0.0,16.0,0.0,58.0,0.0,83.0,5.0,9.0,1.0
AAA,2014J,2436812,F,South Region,A Level or Equivalent,90-100%,0-35,0,60,N,Fail,-51.0,NA,NA,NA,58.0,35.0,116.0,51.0,NA,NA,NA,NA,0.0,92.0,0.0,130.0,0.0,251.0,28.0,60.0,16.0
AAA,2014J,2467267,M,West Midlands Region,HE Qualification,0-10%,0-35,0,60,N,Pass,-59.0,NA,19.0,75.0,54.0,60.0,117.0,64.0,166.0,80.0,215.0,78.0,0.0,3.0,0.0,29.0,0.0,31.0,7.0,19.0,1.0
AAA,2014J,2470694,F,Scotland,HE Qualification,50-60%,55<=,1,60,N,Fail,-115.0,NA,NA,NA,-1.0,67.0,NA,NA,NA,NA,NA,NA,0.0,479.0,2.0,230.0,0.0,136.0,52.0,38.0,2.0
AAA,2014J,2473538,F,South East Region,A Level or Equivalent,80-90%,35-55,0,60,N,Pass,-146.0,NA,19.0,59.0,60.0,44.0,123.0,58.0,173.0,60.0,220.0,54.0,11.0,398.0,17.0,263.0,5.0,617.0,61.0,87.0,14.0
AAA,2014J,2474849,F,Scotland,A Level or Equivalent,0-10%,35-55,1,60,N,Withdrawn,-73.0,132.0,19.0,35.0,NA,NA,NA,NA,NA,NA,NA,NA,0.0,7.0,1.0,25.0,0.0,93.0,3.0,13.0,0.0
AAA,2014J,2494700,M,Yorkshire Region,HE Qualification,70-80%,0-35,0,60,N,Pass,-56.0,NA,18.0,83.0,54.0,80.0,117.0,81.0,166.0,86.0,215.0,88.0,9.0,856.0,0.0,760.0,4.0,1519.0,15.0,193.0,171.0
AAA,2014J,2500258,F,North Western Region,A Level or Equivalent,70-80%,0-35,0,120,N,Pass,-102.0,NA,29.0,62.0,65.0,65.0,117.0,72.0,171.0,78.0,214.0,79.0,20.0,606.0,0.0,365.0,0.0,1348.0,26.0,36.0,2.0
AAA,2014J,2507842,F,North Western Region,A Level or Equivalent,90-100%,35-55,0,60,N,Withdrawn,-128.0,38.0,18.0,79.0,NA,NA,NA,NA,NA,NA,NA,NA,0.0,208.0,0.0,206.0,1.0,660.0,5.0,97.0,27.0
AAA,2014J,2509639,M,West Midlands Region,A Level or Equivalent,80-90%,0-35,0,90,N,Pass,-87.0,NA,18.0,63.0,66.0,66.0,126.0,68.0,165.0,60.0,215.0,73.0,1.0,79.0,0.0,164.0,2.0,826.0,32.0,93.0,30.0
AAA,2014J,2514368,M,West Midlands Region,A Level or Equivalent,50-60%,35-55,0,60,N,Distinction,-23.0,NA,24.0,87.0,54.0,70.0,118.0,84.0,174.0,82.0,226.0,90.0,2.0,11.0,3.0,67.0,0.0,229.0,7.0,47.0,11.0
AAA,2014J,2514898,F,East Anglian Region,Lower Than A Level,90-100%,35-55,0,60,N,Pass,-128.0,NA,28.0,71.0,75.0,55.0,117.0,72.0,174.0,51.0,215.0,83.0,32.0,309.0,3.0,302.0,2.0,896.0,119.0,118.0,47.0
AAA,2014J,2521865,F,South Region,A Level or Equivalent,50-60%,35-55,0,60,Y,Pass,-50.0,NA,24.0,69.0,68.0,67.0,117.0,64.0,187.0,71.0,215.0,48.0,4.0,1984.0,0.0,678.0,2.0,1069.0,29.0,121.0,58.0
AAA,2014J,2522927,F,South West Region,A Level or Equivalent,60-70%,35-55,0,60,N,Pass,-140.0,NA,16.0,82.0,52.0,52.0,116.0,77.0,164.0,65.0,210.0,66.0,15.0,1410.0,0.0,1056.0,0.0,1593.0,23.0,241.0,139.0
AAA,2014J,2540168,F,East Midlands Region,HE Qualification,70-80%,35-55,0,60,N,Withdrawn,-46.0,226.0,36.0,44.0,93.0,47.0,144.0,39.0,NA,NA,NA,NA,0.0,110.0,0.0,171.0,0.0,513.0,10.0,88.0,27.0
AAA,2014J,2546445,M,Scotland,HE Qualification,80-90%,55<=,0,60,N,Withdrawn,-30.0,58.0,19.0,73.0,NA,NA,NA,NA,NA,NA,NA,NA,3.0,625.0,0.0,445.0,3.0,1008.0,40.0,147.0,101.0
AAA,2014J,2551797,F,South East Region,A Level or Equivalent,80-90%,0-35,0,60,N,Pass,-46.0,NA,15.0,64.0,52.0,49.0,117.0,65.0,165.0,64.0,214.0,74.0,6.0,401.0,0.0,107.0,0.0,94.0,43.0,41.0,2.0
AAA,2014J,2551932,M,South East Region,Lower Than A Level,50-60%,0-35,0,60,N,Withdrawn,-38.0,175.0,31.0,60.0,NA,NA,132.0,40.0,NA,NA,NA,NA,0.0,128.0,0.0,105.0,0.0,268.0,12.0,19.0,7.0
AAA,2014J,2569324,M,South Region,A Level or Equivalent,90-100%,0-35,1,60,N,Pass,-10.0,NA,29.0,66.0,57.0,77.0,117.0,67.0,174.0,66.0,218.0,80.0,0.0,35.0,0.0,106.0,0.0,274.0,14.0,38.0,0.0
AAA,2014J,2574990,F,South West Region,HE Qualification,60-70%,35-55,0,60,N,Fail,-42.0,NA,19.0,58.0,54.0,66.0,117.0,48.0,171.0,49.0,215.0,61.0,7.0,358.0,9.0,437.0,9.0,572.0,12.0,263.0,188.0
AAA,2014J,2576122,M,North Western Region,A Level or Equivalent,70-80%,35-55,1,60,N,Fail,-17.0,NA,-1.0,64.0,NA,NA,NA,NA,NA,NA,NA,NA,0.0,0.0,0.0,8.0,0.0,2.0,0.0,1.0,0.0
AAA,2014J,2578676,M,North Region,Lower Than A Level,20-30%,35-55,0,120,N,Pass,-156.0,NA,24.0,61.0,54.0,74.0,117.0,68.0,166.0,76.0,215.0,71.0,3.0,192.0,0.0,378.0,0.0,502.0,14.0,103.0,68.0
AAA,2014J,2581477,F,East Anglian Region,Lower Than A Level,40-50%,35-55,0,60,N,Pass,-109.0,NA,24.0,56.0,55.0,45.0,117.0,48.0,166.0,55.0,215.0,42.0,32.0,3245.0,10.0,1181.0,1.0,1162.0,97.0,171.0,57.0
AAA,2014J,2584873,F,East Anglian Region,A Level or Equivalent,80-90%,0-35,0,120,N,Pass,-28.0,NA,19.0,73.0,55.0,60.0,124.0,61.0,172.0,65.0,216.0,61.0,0.0,355.0,0.0,361.0,1.0,553.0,31.0,104.0,38.0
AAA,2014J,2595841,F,East Midlands Region,Lower Than A Level,60-70%,35-55,0,60,N,Fail,-87.0,NA,19.0,67.0,58.0,69.0,127.0,45.0,173.0,50.0,215.0,53.0,0.0,209.0,0.0,210.0,1.0,502.0,9.0,30.0,8.0
AAA,2014J,2596621,M,South West Region,A Level or Equivalent,50-60%,55<=,0,60,N,Pass,-101.0,NA,18.0,69.0,48.0,60.0,115.0,65.0,166.0,87.0,213.0,79.0,31.0,4765.0,1.0,836.0,2.0,1781.0,33.0,165.0,35.0
AAA,2014J,2601889,M,West Midlands Region,HE Qualification,70-80%,35-55,0,60,N,Pass,-49.0,NA,19.0,88.0,54.0,80.0,117.0,85.0,169.0,80.0,215.0,77.0,8.0,896.0,0.0,371.0,1.0,1032.0,16.0,97.0,52.0
AAA,2014J,2602338,F,North Western Region,Lower Than A Level,20-30%,35-55,0,120,N,Fail,10.0,NA,30.0,72.0,59.0,73.0,NA,NA,NA,NA,NA,NA,4.0,119.0,0.0,157.0,0.0,424.0,4.0,73.0,35.0
AAA,2014J,2606802,M,North Region,A Level or Equivalent,60-70%,0-35,0,60,N,Fail,-37.0,NA,NA,NA,54.0,29.0,180.0,NA,NA,NA,NA,NA,0.0,7.0,0.0,70.0,2.0,167.0,5.0,42.0,13.0
AAA,2014J,2624961,F,London Region,A Level or Equivalent,80-90%,0-35,0,60,N,Fail,-23.0,NA,19.0,67.0,57.0,68.0,117.0,53.0,166.0,62.0,215.0,63.0,0.0,70.0,0.0,77.0,1.0,153.0,2.0,55.0,7.0
AAA,2014J,2630087,F,East Midlands Region,Lower Than A Level,90-100%,35-55,0,210,N,Withdrawn,-49.0,-8.0,NA,NA,NA,NA,NA,NA,NA,NA,NA,NA,0.0,11.0,0.0,25.0,0.0,39.0,4.0,10.0,1.0
AAA,2014J,2633226,M,South West Region,A Level or Equivalent,50-60%,35-55,0,60,N,Pass,-46.0,NA,38.0,64.0,53.0,66.0,129.0,64.0,184.0,11.0,215.0,65.0,0.0,57.0,0.0,167.0,0.0,683.0,87.0,39.0,11.0
AAA,2014J,2642616,F,Yorkshire Region,A Level or Equivalent,20-30%,35-55,0,90,N,Pass,-56.0,NA,19.0,61.0,60.0,50.0,131.0,57.0,178.0,58.0,215.0,60.0,13.0,387.0,4.0,498.0,0.0,617.0,59.0,202.0,23.0
AAA,2014J,2642935,F,East Midlands Region,Lower Than A Level,80-90%,35-55,0,60,N,Distinction,-128.0,NA,18.0,80.0,53.0,85.0,114.0,84.0,164.0,85.0,212.0,83.0,21.0,1807.0,0.0,797.0,3.0,1320.0,18.0,245.0,174.0
AAA,2014J,2648611,F,South East Region,A Level or Equivalent,20-30%,35-55,0,60,N,Pass,-155.0,NA,18.0,74.0,52.0,82.0,116.0,75.0,169.0,77.0,213.0,80.0,4.0,102.0,1.0,418.0,1.0,912.0,23.0,44.0,8.0
AAA,2014J,2649800,M,West Midlands Region,Lower Than A Level,50-60%,35-55,0,60,N,Pass,-153.0,NA,27.0,65.0,61.0,50.0,124.0,67.0,173.0,65.0,222.0,77.0,0.0,14.0,0.0,224.0,0.0,908.0,14.0,57.0,32.0
AAA,2014J,2654628,F,East Anglian Region,Lower Than A Level,90-100%,35-55,1,60,N,Pass,-35.0,NA,19.0,69.0,54.0,74.0,120.0,72.0,167.0,69.0,216.0,74.0,0.0,43.0,0.0,177.0,0.0,1065.0,11.0,67.0,5.0
AAA,2014J,2677624,M,North Western Region,A Level or Equivalent,10-20,35-55,0,90,N,Pass,-59.0,NA,18.0,70.0,53.0,63.0,117.0,58.0,179.0,78.0,215.0,79.0,0.0,198.0,1.0,148.0,0.0,633.0,14.0,130.0,34.0
AAA,2014J,2680312,M,Scotland,HE Qualification,90-100%,55<=,0,60,N,Pass,-44.0,NA,20.0,76.0,58.0,73.0,121.0,74.0,166.0,86.0,220.0,85.0,8.0,1177.0,0.0,876.0,0.0,2502.0,22.0,256.0,125.0
AAA,2014J,2688166,M,Yorkshire Region,Lower Than A Level,40-50%,35-55,0,60,N,Pass,-56.0,NA,18.0,68.0,56.0,69.0,NA,NA,167.0,55.0,214.0,46.0,0.0,85.0,0.0,162.0,0.0,341.0,8.0,60.0,24.0
AAA,2014J,2690062,F,North Western Region,A Level or Equivalent,90-100%,35-55,0,120,N,Withdrawn,-25.0,32.0,17.0,58.0,NA,NA,NA,NA,NA,NA,NA,NA,0.0,18.0,0.0,52.0,0.0,139.0,4.0,40.0,4.0
AAA,2014J,2692514,M,North Western Region,Lower Than A Level,0-10%,35-55,0,120,N,Pass,-44.0,NA,18.0,75.0,54.0,85.0,117.0,77.0,166.0,80.0,215.0,74.0,3.0,4226.0,0.0,1887.0,0.0,410.0,32.0,103.0,0.0
AAA,2014J,2694788,F,South Region,A Level or Equivalent,70-80%,35-55,0,180,Y,Fail,-92.0,NA,17.0,51.0,53.0,20.0,115.0,35.0,NA,NA,NA,NA,0.0,4.0,0.0,42.0,0.0,29.0,4.0,21.0,0.0
